/*
Navicat MySQL Data Transfer

Source Server         : localhost_3306
Source Server Version : 50722
Source Host           : localhost:3306
Source Database       : citreatdb

Target Server Type    : MYSQL
Target Server Version : 50722
File Encoding         : 65001

Date: 2019-09-03 15:51:08
*/

SET FOREIGN_KEY_CHECKS=0;

-- ----------------------------
-- Table structure for `beam_info`
-- ----------------------------
DROP TABLE IF EXISTS `beam_info`;
CREATE TABLE `beam_info` (
  `PATIENT_ID` varchar(10) NOT NULL,
  `PATIENT_NAME` varchar(10) DEFAULT NULL,
  `PLAN_ID` varchar(20) DEFAULT NULL,
  `TREAT_HEAD` varchar(30) DEFAULT NULL,
  `ENERGY` varchar(255) DEFAULT NULL,
  `RIDGE_FILTER` varchar(10) DEFAULT NULL COMMENT '脊形过滤器',
  `RANGE_SHIFTER` varchar(10) DEFAULT NULL COMMENT '射程移位器',
  `IC1_CALIB_FACTOR` int(10) DEFAULT NULL,
  `IC2_CALIB_FACTOR` int(10) DEFAULT NULL,
  `IC3_CALIB_FACTOR` int(10) DEFAULT NULL,
  `CREATE_TIME` datetime(6) DEFAULT NULL,
  `UPDATE_TIME` datetime(6) DEFAULT NULL
) ENGINE=InnoDB DEFAULT CHARSET=utf8 COMMENT='患者流水表';

-- ----------------------------
-- Records of beam_info
-- ----------------------------
INSERT INTO `beam_info` VALUES ('123', '测试患者', 'PlanB', null, null, null, null, '11111111', '11111111', '11111111', '2019-04-25 09:18:11.000000', null);

-- ----------------------------
-- Table structure for `beam_jnl_detail`
-- ----------------------------
DROP TABLE IF EXISTS `beam_jnl_detail`;
CREATE TABLE `beam_jnl_detail` (
  `PATIENT_ID` varchar(10) NOT NULL,
  `BEAM_NO` varchar(20) NOT NULL,
  `PATIENT_NAME` varchar(10) DEFAULT NULL,
  `PLAN_ID` varchar(20) DEFAULT NULL,
  `OPERATOR` varchar(30) DEFAULT NULL,
  `EXECUTE_DATE` varchar(20) DEFAULT NULL,
  `PRE_DOSE` int(10) DEFAULT NULL,
  `REA_DOSE` int(10) DEFAULT NULL,
  `IC1_NUM` int(10) DEFAULT NULL,
  `IC2_NUM` int(10) DEFAULT NULL,
  `IC3_NUM` int(10) DEFAULT NULL,
  `IC1_CALIB_FACTOR` int(10) DEFAULT NULL,
  `IC2_CALIB_FACTOR` int(10) DEFAULT NULL,
  `IC3_CALIB_FACTOR` int(10) DEFAULT NULL,
  `CREATE_TIME` datetime(6) DEFAULT NULL,
  `UPDATE_TIME` datetime(6) DEFAULT NULL,
  `STATUS` varchar(20) DEFAULT NULL,
  `TASKID` varchar(30) DEFAULT NULL
) ENGINE=InnoDB DEFAULT CHARSET=utf8 COMMENT='患者流水表';

-- ----------------------------
-- Records of beam_jnl_detail
-- ----------------------------
INSERT INTO `beam_jnl_detail` VALUES ('123', '1556010931076001', '测试患者', 'PlanB', null, null, '11', '11111', '11111111', '11111111', '11111111', '11111111', '11111111', '11111111', '2019-04-23 17:15:31.000000', null, '16', 'NODE20190424170653003');
INSERT INTO `beam_jnl_detail` VALUES ('123', '1556156340555000', '测试患者', 'PlanB', null, null, '11', '11111', '11111111', '11111111', '11111111', '11111111', '11111111', '11111111', '2019-04-25 09:39:00.000000', null, '16', 'NODE20190425104849006');
INSERT INTO `beam_jnl_detail` VALUES ('123', '1556175913784001', '测试患者', 'PlanB', null, null, '11', '11111', '11111111', '11111111', '11111111', '11111111', '11111111', '11111111', '2019-04-25 15:05:13.000000', null, '16', 'NODE20190523101611001');
INSERT INTO `beam_jnl_detail` VALUES ('123', '1556191545961000', '测试患者', 'PlanB', null, null, '11', '11111', '11111111', '11111111', '11111111', '11111111', '11111111', '11111111', '2019-04-25 19:25:46.000000', null, '16', 'NODE20190425192634006');
INSERT INTO `beam_jnl_detail` VALUES ('124', '1558338636941000', '测试患者4', 'PlanA', null, null, '11', null, null, null, null, null, null, null, '2019-05-20 15:50:37.000000', null, '1', 'NODE20190520155037002');
INSERT INTO `beam_jnl_detail` VALUES ('126', '1558341292962001', '测试患者6', 'PlanB', null, null, '11', null, null, null, null, null, null, null, '2019-05-20 16:34:53.000000', null, '1', 'NODE20190520163453004');

-- ----------------------------
-- Table structure for `check_item_detail`
-- ----------------------------
DROP TABLE IF EXISTS `check_item_detail`;
CREATE TABLE `check_item_detail` (
  `CHECKITEM_ID` int(10) NOT NULL AUTO_INCREMENT,
  `CHECKITEM_DATA` text,
  `REMARKS` text,
  `CHECKSTATUS` int(1) DEFAULT NULL,
  PRIMARY KEY (`CHECKITEM_ID`)
) ENGINE=InnoDB AUTO_INCREMENT=34 DEFAULT CHARSET=utf8;

-- ----------------------------
-- Records of check_item_detail
-- ----------------------------
INSERT INTO `check_item_detail` VALUES ('1', '是否清晰地描述了数据流程、控制流程和接口？					\r\n是否清晰地描述了数据流程、控制流程和接口？', 'test', '0');
INSERT INTO `check_item_detail` VALUES ('2', '文档结构是否清晰、组织是否合理？', 'test', '0');
INSERT INTO `check_item_detail` VALUES ('3', '文档结构是否便于维护和修改？', 'test', '0');
INSERT INTO `check_item_detail` VALUES ('4', '设计是否易于理解？', 'test', '3');
INSERT INTO `check_item_detail` VALUES ('5', '各模块之间的关系是否描述的清楚？', 'test', '1');
INSERT INTO `check_item_detail` VALUES ('6', '是否定义了目标？', 'test', '3');
INSERT INTO `check_item_detail` VALUES ('7', '是否记录了与本设计文档相关的假设、约束、决议、依赖？', 'test', '1');
INSERT INTO `check_item_detail` VALUES ('8', '设计在进度、预算和技术上是否可行？', 'test', '2');
INSERT INTO `check_item_detail` VALUES ('9', '逻辑上是否正确、完整？', 'test', '3');
INSERT INTO `check_item_detail` VALUES ('10', '是否对子模块的抽象算法进行了说明？', 'test', '1');
INSERT INTO `check_item_detail` VALUES ('11', '所选的设计或算法是否满足模块的需求？', 'test', '2');
INSERT INTO `check_item_detail` VALUES ('12', '是否有一些必要的数据结构没有定义？或定义了一些不必要的数据结构？', 'test', '3');
INSERT INTO `check_item_detail` VALUES ('13', '是否对数据元素进行了充分的描述？说明了有效的数据范围？', 'test', '1');
INSERT INTO `check_item_detail` VALUES ('14', '是否对共享和存储数据的管理和使用进行了明确的描述？', 'test', '2');
INSERT INTO `check_item_detail` VALUES ('15', '此设计是否能为详细设计提供充分的基础？', 'test', '3');
INSERT INTO `check_item_detail` VALUES ('16', '是否对性能参数进行了说明（如，实施约束、内存大小、速度要求等）', 'test', '1');
INSERT INTO `check_item_detail` VALUES ('17', '是否识别并分析了关键执行路径？', 'test', '2');
INSERT INTO `check_item_detail` VALUES ('18', '在整个设计中，是否对数据元素、程序、功能的命名保持一致？', 'test', '3');
INSERT INTO `check_item_detail` VALUES ('19', '设计是否反应了真实的运行环境，包括软件和硬件？', 'test', '1');
INSERT INTO `check_item_detail` VALUES ('20', '对模块的说明是否与软件需求文档中的功能要求相一致？', 'test', '2');
INSERT INTO `check_item_detail` VALUES ('21', '是否所有的设计元素都可追踪回需求？', 'test', '3');
INSERT INTO `check_item_detail` VALUES ('22', '是否所有的设计元素都可追踪回需求？', 'test', '1');
INSERT INTO `check_item_detail` VALUES ('23', '接口是否便于问题的解决？', 'test', '2');
INSERT INTO `check_item_detail` VALUES ('24', '是否所有的接口间相互一致，并和其他模块及需求相一致？', 'test', '3');
INSERT INTO `check_item_detail` VALUES ('25', '是否所有接口都提供了要求的类型、数量和质量信息？', 'test', '1');
INSERT INTO `check_item_detail` VALUES ('26', '是否对接口的数量和复杂度进行了权衡，使接口的数量少并且复杂程度可以接受？', 'test', '2');
INSERT INTO `check_item_detail` VALUES ('27', '操作接口的设计是否考虑了用户？', 'test', '3');
INSERT INTO `check_item_detail` VALUES ('28', '设计是模块化的吗？', 'test', '1');
INSERT INTO `check_item_detail` VALUES ('29', '模块具有高内聚度第偶合度吗？', 'test', '2');
INSERT INTO `check_item_detail` VALUES ('30', '设计中是否提供了对错误的检测和恢复？', 'test', '3');
INSERT INTO `check_item_detail` VALUES ('31', '是否考虑了异常情况？', 'test', '1');
INSERT INTO `check_item_detail` VALUES ('32', '错误条件描述的是否完整、准确？', 'test', '2');
INSERT INTO `check_item_detail` VALUES ('33', '设计是否满足系统完整性要求？', 'test', '3');

-- ----------------------------
-- Table structure for `check_item_jnl`
-- ----------------------------
DROP TABLE IF EXISTS `check_item_jnl`;
CREATE TABLE `check_item_jnl` (
  `FLOWMETER_ID` varchar(32) NOT NULL,
  `CREATE_TIME` date NOT NULL,
  `CHECKSTATUS` int(1) NOT NULL,
  `TREATMENT_ID` varchar(32) NOT NULL,
  PRIMARY KEY (`FLOWMETER_ID`)
) ENGINE=InnoDB DEFAULT CHARSET=utf8;

-- ----------------------------
-- Records of check_item_jnl
-- ----------------------------
INSERT INTO `check_item_jnl` VALUES ('1', '2019-06-23', '0', 'ROOM-1');
INSERT INTO `check_item_jnl` VALUES ('170201906242349008528', '2019-06-24', '1', 'ROOM-1');
INSERT INTO `check_item_jnl` VALUES ('170201906242352294436', '2019-06-24', '1', 'ROOM-2');
INSERT INTO `check_item_jnl` VALUES ('170201906261134358938', '2019-06-26', '1', 'ROOM-1');
INSERT INTO `check_item_jnl` VALUES ('17020190626113448338', '2019-06-26', '1', 'ROOM-4');
INSERT INTO `check_item_jnl` VALUES ('170201906261757267249', '2019-06-26', '1', 'ROOM-1');
INSERT INTO `check_item_jnl` VALUES ('170201906270931424675', '2019-06-27', '1', 'ROOM-2');
INSERT INTO `check_item_jnl` VALUES ('170201906270950431226', '2019-06-27', '1', 'ROOM-1');

-- ----------------------------
-- Table structure for `dve_deviceconfig`
-- ----------------------------
DROP TABLE IF EXISTS `dve_deviceconfig`;
CREATE TABLE `dve_deviceconfig` (
  `DEVICE_ID` varchar(10) NOT NULL,
  `TREATMENT_ID` varchar(10) DEFAULT NULL,
  `DEVICE_NAME` varchar(10) DEFAULT NULL,
  `STATIONNAME` varchar(20) DEFAULT NULL COMMENT '工作站名称',
  `INSTITUTIONADDRESS` varchar(50) DEFAULT NULL COMMENT '使用地址',
  `MANUFACTURER` varchar(50) DEFAULT NULL COMMENT '设备制造商',
  `MODELNAME` varchar(20) DEFAULT NULL COMMENT '设备型号',
  `DEVICESERIALNUMBER` varchar(50) DEFAULT NULL COMMENT '设备序列号',
  `SOFTWAREVERSION` varchar(50) DEFAULT NULL COMMENT '设备软件版本',
  `OPERATORNAME` varchar(50) DEFAULT NULL COMMENT '操作人员',
  `OPERATORTELEPHONE` varchar(50) DEFAULT NULL COMMENT '操作人员电话',
  `DESCRIPTION` varchar(30) DEFAULT NULL COMMENT '设备描述',
  `STATUS` varchar(20) DEFAULT NULL COMMENT '设备标定状态',
  `STARTUSEDATE` varchar(50) DEFAULT NULL COMMENT '开始使用时间',
  `LASTUPDATE` varchar(20) DEFAULT NULL COMMENT '最后巡检日期',
  `DETAILS` text COMMENT '标定详细信息',
  `PAGE` varchar(50) DEFAULT NULL
) ENGINE=InnoDB DEFAULT CHARSET=utf8 COMMENT='患者流水表';

-- ----------------------------
-- Records of dve_deviceconfig
-- ----------------------------
INSERT INTO `dve_deviceconfig` VALUES ('001002', 'ROOM-1', '治疗床', '天下第一医院', '治疗室一', '武器制造商', 'AK2019', '123456789', '1.0', '操作员A', '13160677688', '治疗床描述', '1', '20190507', '20190507', '{\"deviceId\":\"001002\",\"deviceName\":\"治疗床\",\"x_index1\":\"-1000\",\"x_index2\":\"1000\",\"y_index1\":\"-1000\",\"y_index2\":\"1000\",\"z_index1\":\"-1000\",\"z_index2\":\"1000\",\"z_rotate1\":\"-1000\",\"z_rotate2\":\"1000\",\"center_rotate1\":\"-1000\",\"center_rotate2\":\"1000\"}', '/prework/devDetail/zlc');
INSERT INTO `dve_deviceconfig` VALUES ('001003', 'ROOM-1', 'DR', '天下第一医院', '治疗室一', '武器制造商', 'AK2019', '123456789', '1.0', '操作员A', '13160677688', 'DR描述', '0', '20190507', '20190507', '', '/prework/devDetail/dr');
INSERT INTO `dve_deviceconfig` VALUES ('001004', 'ROOM-2', '脊形过滤器', '天下第一医院', '治疗室二', '武器制造商', 'AK2019', '123456789', '1.0', '操作员B', '13160677688', '脊形过滤器描述', '0', '20190507', '20190507', '', '/prework/devDetail/jxglq');
INSERT INTO `dve_deviceconfig` VALUES ('001006', 'ROOM-2', '初级准直器', '天下第一医院', '治疗室二', '武器制造商', 'AK2019', '123456789', '1.0', '操作员B', '13160677688', '射程移位器描述', '0', '20190507', '20190507', '', '/prework/devDetail/cjzzq');
INSERT INTO `dve_deviceconfig` VALUES ('001001', 'ROOM-1', '激光灯', '天下第一医院', '治疗室一', '武器制造商', 'AK2019', '123456789', '1.0', '操作员A', '13160677688', '激光灯描述', '1', '20190507', '20190507', '{\"deviceId\":\"001001\",\"deviceName\":\"激光灯\",\"x_index1\":\"2000\",\"x_index2\":\"\",\"y_index1\":\"\",\"y_index2\":\"\",\"z_index1\":\"\",\"z_index2\":\"\",\"deviation\":\"\"}', '/prework/devDetail/jgd');
INSERT INTO `dve_deviceconfig` VALUES ('001007', 'ROOM-2', '多光栅', '天下第一医院', '治疗室二', '武器制造商', 'AK2019', '123456789', '1.0', '操作员B', '13160677688', '射程移位器描述', '1', '20190507', '20190507', '{\"deviceId\":\"001007\",\"deviceName\":\"多光栅\",\"blade_num\":\"-1000\",\"move_range1\":\"-1000\",\"move_range2\":\"1000\",\"cgf_range1\":\"-1000\",\"cgf_range2\":\"1000\",\"rotate_range1\":\"-1000\",\"rotate_range2\":\"1000\",\"stretch_range1\":\"-1000\",\"stretch_range2\":\"1000\",\"blade_error_range\":\"0.5\",\"angle_error_range\":\"0.5\"}', '/prework/devDetail/dgs');
INSERT INTO `dve_deviceconfig` VALUES ('001008', 'ROOM-2', '散射体', '天下第一医院', '治疗室二', '武器制造商', 'AK2019', '123456789', '1.0', '操作员B', '13160677688', '射程移位器描述', '1', '20190507', '20190507', '{\"deviceId\":\"001008\",\"deviceName\":\"散射体\",\"Vacancy\":\"\",\"actionStatus\":\"\",\"Pb0.5\":\"\",\"Pb1.0\":\"\",\"Pb1.5\":\"\",\"Pb2.0\":\"\",\"Pb2.5\":\"\",\"Pb3.0\":\"\",\"Pb3.5\":\"\",\"Pb4.0\":\"\",\"Pb4.5\":\"\",\"Pb5.0\":\"\",\"Pb5.5\":\"\",\"Pb6.0\":\"\",\"Pb6.5\":\"\",\"Pb7.0\":\"\"}', '/prework/devDetail/sst');
INSERT INTO `dve_deviceconfig` VALUES ('001009', 'ROOM-2', '联锁系统', '天下第一医院', '治疗室二', '武器制造商', 'AK2019', '123456789', '1.0', '操作员B', '13160677688', '射程移位器描述', '0', '20190507', '20190507', '', '/prework/devDetail/lsxt');
INSERT INTO `dve_deviceconfig` VALUES ('001010', 'ROOM-2', '剂量配送系统', '天下第一医院', '治疗室二', '武器制造商', 'AK2019', '123456789', '1.0', '操作员B', '13160677688', '射程移位器描述', '0', '20190507', '20190507', '', '/prework/devDetail/jlpsxt');
INSERT INTO `dve_deviceconfig` VALUES ('001005', 'ROOM-2', '射程移位器', '天下第一医院', '治疗室二', '武器制造商', 'AK2019', '123456789', '1.0', '操作员B', '13160677688', '射程移位器描述', '0', '20190507', '20190507', '', '/prework/devDetail/scywq');
INSERT INTO `dve_deviceconfig` VALUES ('001011', 'ROOM-2', '治疗床', '天下第一医院', '治疗室二', '武器制造商', 'AK2019', '123456789', '1.0', '操作员A', '13160677688', '治疗床描述', '1', '20190507', '20190507', '{\"deviceId\":\"001011\",\"deviceName\":\"治疗床\",\"x_index1\":\"-1000\",\"x_index2\":\"1000\",\"y_index1\":\"-1000\",\"y_index2\":\"1000\",\"z_index1\":\"-1000\",\"z_index2\":\"1000\",\"z_rotate1\":\"-1000\",\"z_rotate2\":\"1000\",\"center_rotate1\":\"-1000\",\"center_rotate2\":\"1000\"}', '/prework/devDetail/zlc');

-- ----------------------------
-- Table structure for `dve_treatmentroom`
-- ----------------------------
DROP TABLE IF EXISTS `dve_treatmentroom`;
CREATE TABLE `dve_treatmentroom` (
  `TREATMENT_ID` varchar(32) NOT NULL,
  `TREATMENT_NAME` varchar(32) NOT NULL,
  `DESCRIPTION` varchar(64) DEFAULT NULL,
  `VALID_FG` char(1) NOT NULL,
  `CHECKSTATUS` int(1) NOT NULL,
  PRIMARY KEY (`TREATMENT_ID`)
) ENGINE=InnoDB DEFAULT CHARSET=utf8 COMMENT='治疗室表';

-- ----------------------------
-- Records of dve_treatmentroom
-- ----------------------------
INSERT INTO `dve_treatmentroom` VALUES ('ROOM-1', '治疗室一', '武威治疗室一', 'Y', '1');
INSERT INTO `dve_treatmentroom` VALUES ('ROOM-2', '治疗室二', '武威治疗室二', 'Y', '0');
INSERT INTO `dve_treatmentroom` VALUES ('ROOM-4', '治疗室4', '治疗室4', 'Y', '0');

-- ----------------------------
-- Table structure for `patient_info`
-- ----------------------------
DROP TABLE IF EXISTS `patient_info`;
CREATE TABLE `patient_info` (
  `PATIENTID` varchar(10) NOT NULL,
  `PATIENTNAME` varchar(10) DEFAULT NULL,
  `SEX` char(1) DEFAULT NULL,
  `TOTALNUM` int(3) DEFAULT NULL,
  `TOTALDOSE` int(19) DEFAULT NULL,
  PRIMARY KEY (`PATIENTID`)
) ENGINE=InnoDB DEFAULT CHARSET=utf8 COMMENT='患者流水表';

-- ----------------------------
-- Records of patient_info
-- ----------------------------
INSERT INTO `patient_info` VALUES ('123', '测试患者3', '0', '4', '10000');
INSERT INTO `patient_info` VALUES ('124', '测试患者4', '0', '4', '10000');
INSERT INTO `patient_info` VALUES ('125', '测试患者5', '0', '4', '10000');
INSERT INTO `patient_info` VALUES ('126', '测试患者5', '0', '4', '10000');
INSERT INTO `patient_info` VALUES ('127', '测试患者5', '0', '4', '10000');

-- ----------------------------
-- Table structure for `patient_jnl`
-- ----------------------------
DROP TABLE IF EXISTS `patient_jnl`;
CREATE TABLE `patient_jnl` (
  `PATIENTID` varchar(10) NOT NULL,
  `PATIENTNAME` varchar(20) DEFAULT NULL,
  `SEX` char(1) DEFAULT NULL,
  `BEAM_STATUS` varchar(4) DEFAULT NULL,
  `TREAT_STATUS` varchar(4) DEFAULT NULL,
  `TOTALNUM` int(3) DEFAULT NULL,
  `TOTALDOSE` int(3) DEFAULT NULL,
  `PLAN_NAME` varchar(20) DEFAULT NULL,
  `PLAN_DATE` varchar(20) DEFAULT NULL,
  `TREAT_TYPE` varchar(10) DEFAULT NULL,
  `TREAT_HEAD` varchar(25) DEFAULT NULL,
  `TREATEDNUM` int(8) DEFAULT NULL,
  `TREATEDDOSE` int(8) DEFAULT NULL,
  `TASKSRLNUM` varchar(20) DEFAULT NULL,
  `CREATE_TIME` varchar(19) DEFAULT NULL,
  `OPERATOR` varchar(20) DEFAULT NULL,
  `UPDATE_TIME` datetime DEFAULT NULL,
  PRIMARY KEY (`PATIENTID`)
) ENGINE=InnoDB DEFAULT CHARSET=utf8 COMMENT='患者流水表';

-- ----------------------------
-- Records of patient_jnl
-- ----------------------------
INSERT INTO `patient_jnl` VALUES ('123', '测试患者3', '0', '0', '0', '100', '1200', 'PlanB', '2019-02-16 18:01:30', '2D', '垂直+水平治疗室', '31', '668', 'WF20190520112619001', '2019-03-16 18:01:30', null, '2019-05-20 11:26:19');
INSERT INTO `patient_jnl` VALUES ('124', '测试患者4', '0', '1', '1', '100', '1200', 'PlanA', '2019-02-16 18:01:30', '2D', '垂直+水平治疗室', '30', '668', '', '2019-03-16 18:01:30', '', '2019-05-16 16:22:56');
INSERT INTO `patient_jnl` VALUES ('125', '测试患者5', '0', '1', '2', '100', '1200', 'PlanA', '2019-02-16 18:01:30', '2D', '垂直+水平治疗室', '30', '668', '', '2019-03-16 18:01:30', '', '2019-05-16 16:22:56');
INSERT INTO `patient_jnl` VALUES ('126', '测试患者6', '0', '1', '3', '100', '1200', 'PlanB', '2019-02-16 18:01:30', '2D', '垂直+水平治疗室', '30', '668', '', '2019-03-16 18:01:30', '', '2019-05-16 16:22:56');
INSERT INTO `patient_jnl` VALUES ('127', '测试患者7', '0', '0', '0', '100', '1200', 'PlanB', '2019-02-16 18:01:30', '2D', '垂直+水平治疗室', '30', '668', '', '2019-03-16 18:01:30', '', '2019-05-16 16:22:56');

-- ----------------------------
-- Table structure for `qrtz_blob_triggers`
-- ----------------------------
DROP TABLE IF EXISTS `qrtz_blob_triggers`;
CREATE TABLE `qrtz_blob_triggers` (
  `sched_name` varchar(120) NOT NULL,
  `trigger_name` varchar(200) NOT NULL,
  `trigger_group` varchar(200) NOT NULL,
  `blob_data` blob,
  PRIMARY KEY (`sched_name`,`trigger_name`,`trigger_group`),
  CONSTRAINT `qrtz_blob_triggers_ibfk_1` FOREIGN KEY (`sched_name`, `trigger_name`, `trigger_group`) REFERENCES `qrtz_triggers` (`sched_name`, `trigger_name`, `trigger_group`)
) ENGINE=InnoDB DEFAULT CHARSET=utf8;

-- ----------------------------
-- Records of qrtz_blob_triggers
-- ----------------------------

-- ----------------------------
-- Table structure for `qrtz_calendars`
-- ----------------------------
DROP TABLE IF EXISTS `qrtz_calendars`;
CREATE TABLE `qrtz_calendars` (
  `sched_name` varchar(120) NOT NULL,
  `calendar_name` varchar(200) NOT NULL,
  `calendar` blob NOT NULL,
  PRIMARY KEY (`sched_name`,`calendar_name`)
) ENGINE=InnoDB DEFAULT CHARSET=utf8;

-- ----------------------------
-- Records of qrtz_calendars
-- ----------------------------

-- ----------------------------
-- Table structure for `qrtz_cron_triggers`
-- ----------------------------
DROP TABLE IF EXISTS `qrtz_cron_triggers`;
CREATE TABLE `qrtz_cron_triggers` (
  `sched_name` varchar(120) NOT NULL,
  `trigger_name` varchar(200) NOT NULL,
  `trigger_group` varchar(200) NOT NULL,
  `cron_expression` varchar(200) NOT NULL,
  `time_zone_id` varchar(80) DEFAULT NULL,
  PRIMARY KEY (`sched_name`,`trigger_name`,`trigger_group`),
  CONSTRAINT `qrtz_cron_triggers_ibfk_1` FOREIGN KEY (`sched_name`, `trigger_name`, `trigger_group`) REFERENCES `qrtz_triggers` (`sched_name`, `trigger_name`, `trigger_group`)
) ENGINE=InnoDB DEFAULT CHARSET=utf8;

-- ----------------------------
-- Records of qrtz_cron_triggers
-- ----------------------------
INSERT INTO `qrtz_cron_triggers` VALUES ('HorseScheduler', '__TASK_CLASS_NAME__1', 'DEFAULT', '0/10 * * * * ?', 'Asia/Shanghai');
INSERT INTO `qrtz_cron_triggers` VALUES ('HorseScheduler', '__TASK_CLASS_NAME__2', 'DEFAULT', '0/20 * * * * ?', 'Asia/Shanghai');
INSERT INTO `qrtz_cron_triggers` VALUES ('RuoyiScheduler', '__TASK_CLASS_NAME__1', 'DEFAULT', '0/10 * * * * ?', 'Asia/Shanghai');
INSERT INTO `qrtz_cron_triggers` VALUES ('RuoyiScheduler', '__TASK_CLASS_NAME__2', 'DEFAULT', '0/20 * * * * ?', 'Asia/Shanghai');

-- ----------------------------
-- Table structure for `qrtz_fired_triggers`
-- ----------------------------
DROP TABLE IF EXISTS `qrtz_fired_triggers`;
CREATE TABLE `qrtz_fired_triggers` (
  `sched_name` varchar(120) NOT NULL,
  `entry_id` varchar(95) NOT NULL,
  `trigger_name` varchar(200) NOT NULL,
  `trigger_group` varchar(200) NOT NULL,
  `instance_name` varchar(200) NOT NULL,
  `fired_time` bigint(13) NOT NULL,
  `sched_time` bigint(13) NOT NULL,
  `priority` int(11) NOT NULL,
  `state` varchar(16) NOT NULL,
  `job_name` varchar(200) DEFAULT NULL,
  `job_group` varchar(200) DEFAULT NULL,
  `is_nonconcurrent` varchar(1) DEFAULT NULL,
  `requests_recovery` varchar(1) DEFAULT NULL,
  PRIMARY KEY (`sched_name`,`entry_id`)
) ENGINE=InnoDB DEFAULT CHARSET=utf8;

-- ----------------------------
-- Records of qrtz_fired_triggers
-- ----------------------------

-- ----------------------------
-- Table structure for `qrtz_job_details`
-- ----------------------------
DROP TABLE IF EXISTS `qrtz_job_details`;
CREATE TABLE `qrtz_job_details` (
  `sched_name` varchar(120) NOT NULL,
  `job_name` varchar(200) NOT NULL,
  `job_group` varchar(200) NOT NULL,
  `description` varchar(250) DEFAULT NULL,
  `job_class_name` varchar(250) NOT NULL,
  `is_durable` varchar(1) NOT NULL,
  `is_nonconcurrent` varchar(1) NOT NULL,
  `is_update_data` varchar(1) NOT NULL,
  `requests_recovery` varchar(1) NOT NULL,
  `job_data` blob,
  PRIMARY KEY (`sched_name`,`job_name`,`job_group`)
) ENGINE=InnoDB DEFAULT CHARSET=utf8;

-- ----------------------------
-- Records of qrtz_job_details
-- ----------------------------
INSERT INTO `qrtz_job_details` VALUES ('HorseScheduler', '__TASK_CLASS_NAME__1', 'DEFAULT', null, 'com.horse.quartz.util.ScheduleJob', '0', '1', '0', '0', 0xACED0005737200156F72672E71756172747A2E4A6F62446174614D61709FB083E8BFA9B0CB020000787200266F72672E71756172747A2E7574696C732E537472696E674B65794469727479466C61674D61708208E8C3FBC55D280200015A0013616C6C6F77735472616E7369656E74446174617872001D6F72672E71756172747A2E7574696C732E4469727479466C61674D617013E62EAD28760ACE0200025A000564697274794C00036D617074000F4C6A6176612F7574696C2F4D61703B787001737200116A6176612E7574696C2E486173684D61700507DAC1C31660D103000246000A6C6F6164466163746F724900097468726573686F6C6478703F4000000000000C770800000010000000017400135F5F5441534B5F50524F504552544945535F5F7372001E636F6D2E686F7273652E71756172747A2E646F6D61696E2E5379734A6F6200000000000000010200084C000E63726F6E45787072657373696F6E7400124C6A6176612F6C616E672F537472696E673B4C00086A6F6247726F757071007E00094C00056A6F6249647400104C6A6176612F6C616E672F4C6F6E673B4C00076A6F624E616D6571007E00094C000A6D6574686F644E616D6571007E00094C000C6D6574686F64506172616D7371007E00094C000D6D697366697265506F6C69637971007E00094C000673746174757371007E000978720020636F6D2E686F7273652E636F6D6D6F6E2E626173652E42617365456E7469747900000000000000010200074C0008637265617465427971007E00094C000A63726561746554696D657400104C6A6176612F7574696C2F446174653B4C0006706172616D7371007E00034C000672656D61726B71007E00094C000B73656172636856616C756571007E00094C0008757064617465427971007E00094C000A75706461746554696D6571007E000C787074000561646D696E7372000E6A6176612E7574696C2E44617465686A81014B59741903000078707708000001622CDE29E0787074000070707074000E302F3130202A202A202A202A203F740018E7B3BBE7BB9FE9BB98E8AEA4EFBC88E697A0E58F82EFBC897372000E6A6176612E6C616E672E4C6F6E673B8BE490CC8F23DF0200014A000576616C7565787200106A6176612E6C616E672E4E756D62657286AC951D0B94E08B0200007870000000000000000174000672795461736B74000A72794E6F506172616D7374000074000133740001317800);
INSERT INTO `qrtz_job_details` VALUES ('HorseScheduler', '__TASK_CLASS_NAME__2', 'DEFAULT', null, 'com.horse.quartz.util.ScheduleJob', '0', '1', '0', '0', 0xACED0005737200156F72672E71756172747A2E4A6F62446174614D61709FB083E8BFA9B0CB020000787200266F72672E71756172747A2E7574696C732E537472696E674B65794469727479466C61674D61708208E8C3FBC55D280200015A0013616C6C6F77735472616E7369656E74446174617872001D6F72672E71756172747A2E7574696C732E4469727479466C61674D617013E62EAD28760ACE0200025A000564697274794C00036D617074000F4C6A6176612F7574696C2F4D61703B787001737200116A6176612E7574696C2E486173684D61700507DAC1C31660D103000246000A6C6F6164466163746F724900097468726573686F6C6478703F4000000000000C770800000010000000017400135F5F5441534B5F50524F504552544945535F5F7372001E636F6D2E686F7273652E71756172747A2E646F6D61696E2E5379734A6F6200000000000000010200084C000E63726F6E45787072657373696F6E7400124C6A6176612F6C616E672F537472696E673B4C00086A6F6247726F757071007E00094C00056A6F6249647400104C6A6176612F6C616E672F4C6F6E673B4C00076A6F624E616D6571007E00094C000A6D6574686F644E616D6571007E00094C000C6D6574686F64506172616D7371007E00094C000D6D697366697265506F6C69637971007E00094C000673746174757371007E000978720020636F6D2E686F7273652E636F6D6D6F6E2E626173652E42617365456E7469747900000000000000010200074C0008637265617465427971007E00094C000A63726561746554696D657400104C6A6176612F7574696C2F446174653B4C0006706172616D7371007E00034C000672656D61726B71007E00094C000B73656172636856616C756571007E00094C0008757064617465427971007E00094C000A75706461746554696D6571007E000C787074000561646D696E7372000E6A6176612E7574696C2E44617465686A81014B59741903000078707708000001622CDE29E0787074000070707074000E302F3230202A202A202A202A203F740018E7B3BBE7BB9FE9BB98E8AEA4EFBC88E69C89E58F82EFBC897372000E6A6176612E6C616E672E4C6F6E673B8BE490CC8F23DF0200014A000576616C7565787200106A6176612E6C616E672E4E756D62657286AC951D0B94E08B0200007870000000000000000274000672795461736B7400087279506172616D73740002727974000133740001317800);
INSERT INTO `qrtz_job_details` VALUES ('RuoyiScheduler', '__TASK_CLASS_NAME__1', 'DEFAULT', null, 'com.ruoyi.quartz.util.ScheduleJob', '0', '1', '0', '0', 0xACED0005737200156F72672E71756172747A2E4A6F62446174614D61709FB083E8BFA9B0CB020000787200266F72672E71756172747A2E7574696C732E537472696E674B65794469727479466C61674D61708208E8C3FBC55D280200015A0013616C6C6F77735472616E7369656E74446174617872001D6F72672E71756172747A2E7574696C732E4469727479466C61674D617013E62EAD28760ACE0200025A000564697274794C00036D617074000F4C6A6176612F7574696C2F4D61703B787001737200116A6176612E7574696C2E486173684D61700507DAC1C31660D103000246000A6C6F6164466163746F724900097468726573686F6C6478703F4000000000000C770800000010000000017400135F5F5441534B5F50524F504552544945535F5F7372001E636F6D2E72756F79692E71756172747A2E646F6D61696E2E5379734A6F6200000000000000010200084C000E63726F6E45787072657373696F6E7400124C6A6176612F6C616E672F537472696E673B4C00086A6F6247726F757071007E00094C00056A6F6249647400104C6A6176612F6C616E672F4C6F6E673B4C00076A6F624E616D6571007E00094C000A6D6574686F644E616D6571007E00094C000C6D6574686F64506172616D7371007E00094C000D6D697366697265506F6C69637971007E00094C000673746174757371007E000978720020636F6D2E72756F79692E636F6D6D6F6E2E626173652E42617365456E7469747900000000000000010200074C0008637265617465427971007E00094C000A63726561746554696D657400104C6A6176612F7574696C2F446174653B4C0006706172616D7371007E00034C000672656D61726B71007E00094C000B73656172636856616C756571007E00094C0008757064617465427971007E00094C000A75706461746554696D6571007E000C787074000561646D696E7372000E6A6176612E7574696C2E44617465686A81014B59741903000078707708000001622CDE29E0787074000070707074000E302F3130202A202A202A202A203F740018E7B3BBE7BB9FE9BB98E8AEA4EFBC88E697A0E58F82EFBC897372000E6A6176612E6C616E672E4C6F6E673B8BE490CC8F23DF0200014A000576616C7565787200106A6176612E6C616E672E4E756D62657286AC951D0B94E08B0200007870000000000000000174000672795461736B74000A72794E6F506172616D7374000074000133740001317800);
INSERT INTO `qrtz_job_details` VALUES ('RuoyiScheduler', '__TASK_CLASS_NAME__2', 'DEFAULT', null, 'com.ruoyi.quartz.util.ScheduleJob', '0', '1', '0', '0', 0xACED0005737200156F72672E71756172747A2E4A6F62446174614D61709FB083E8BFA9B0CB020000787200266F72672E71756172747A2E7574696C732E537472696E674B65794469727479466C61674D61708208E8C3FBC55D280200015A0013616C6C6F77735472616E7369656E74446174617872001D6F72672E71756172747A2E7574696C732E4469727479466C61674D617013E62EAD28760ACE0200025A000564697274794C00036D617074000F4C6A6176612F7574696C2F4D61703B787001737200116A6176612E7574696C2E486173684D61700507DAC1C31660D103000246000A6C6F6164466163746F724900097468726573686F6C6478703F4000000000000C770800000010000000017400135F5F5441534B5F50524F504552544945535F5F7372001E636F6D2E72756F79692E71756172747A2E646F6D61696E2E5379734A6F6200000000000000010200084C000E63726F6E45787072657373696F6E7400124C6A6176612F6C616E672F537472696E673B4C00086A6F6247726F757071007E00094C00056A6F6249647400104C6A6176612F6C616E672F4C6F6E673B4C00076A6F624E616D6571007E00094C000A6D6574686F644E616D6571007E00094C000C6D6574686F64506172616D7371007E00094C000D6D697366697265506F6C69637971007E00094C000673746174757371007E000978720020636F6D2E72756F79692E636F6D6D6F6E2E626173652E42617365456E7469747900000000000000010200074C0008637265617465427971007E00094C000A63726561746554696D657400104C6A6176612F7574696C2F446174653B4C0006706172616D7371007E00034C000672656D61726B71007E00094C000B73656172636856616C756571007E00094C0008757064617465427971007E00094C000A75706461746554696D6571007E000C787074000561646D696E7372000E6A6176612E7574696C2E44617465686A81014B59741903000078707708000001622CDE29E0787074000070707074000E302F3230202A202A202A202A203F740018E7B3BBE7BB9FE9BB98E8AEA4EFBC88E69C89E58F82EFBC897372000E6A6176612E6C616E672E4C6F6E673B8BE490CC8F23DF0200014A000576616C7565787200106A6176612E6C616E672E4E756D62657286AC951D0B94E08B0200007870000000000000000274000672795461736B7400087279506172616D73740002727974000133740001317800);

-- ----------------------------
-- Table structure for `qrtz_locks`
-- ----------------------------
DROP TABLE IF EXISTS `qrtz_locks`;
CREATE TABLE `qrtz_locks` (
  `sched_name` varchar(120) NOT NULL,
  `lock_name` varchar(40) NOT NULL,
  PRIMARY KEY (`sched_name`,`lock_name`)
) ENGINE=InnoDB DEFAULT CHARSET=utf8;

-- ----------------------------
-- Records of qrtz_locks
-- ----------------------------
INSERT INTO `qrtz_locks` VALUES ('HorseScheduler', 'STATE_ACCESS');
INSERT INTO `qrtz_locks` VALUES ('HorseScheduler', 'TRIGGER_ACCESS');
INSERT INTO `qrtz_locks` VALUES ('RuoyiScheduler', 'STATE_ACCESS');
INSERT INTO `qrtz_locks` VALUES ('RuoyiScheduler', 'TRIGGER_ACCESS');

-- ----------------------------
-- Table structure for `qrtz_paused_trigger_grps`
-- ----------------------------
DROP TABLE IF EXISTS `qrtz_paused_trigger_grps`;
CREATE TABLE `qrtz_paused_trigger_grps` (
  `sched_name` varchar(120) NOT NULL,
  `trigger_group` varchar(200) NOT NULL,
  PRIMARY KEY (`sched_name`,`trigger_group`)
) ENGINE=InnoDB DEFAULT CHARSET=utf8;

-- ----------------------------
-- Records of qrtz_paused_trigger_grps
-- ----------------------------

-- ----------------------------
-- Table structure for `qrtz_scheduler_state`
-- ----------------------------
DROP TABLE IF EXISTS `qrtz_scheduler_state`;
CREATE TABLE `qrtz_scheduler_state` (
  `sched_name` varchar(120) NOT NULL,
  `instance_name` varchar(200) NOT NULL,
  `last_checkin_time` bigint(13) NOT NULL,
  `checkin_interval` bigint(13) NOT NULL,
  PRIMARY KEY (`sched_name`,`instance_name`)
) ENGINE=InnoDB DEFAULT CHARSET=utf8;

-- ----------------------------
-- Records of qrtz_scheduler_state
-- ----------------------------
INSERT INTO `qrtz_scheduler_state` VALUES ('HorseScheduler', '银企直联李清银1567496932244', '1567497043409', '15000');
INSERT INTO `qrtz_scheduler_state` VALUES ('RuoyiScheduler', 'DESKTOP-1TFKEFP1551076391013', '1551078359858', '15000');

-- ----------------------------
-- Table structure for `qrtz_simple_triggers`
-- ----------------------------
DROP TABLE IF EXISTS `qrtz_simple_triggers`;
CREATE TABLE `qrtz_simple_triggers` (
  `sched_name` varchar(120) NOT NULL,
  `trigger_name` varchar(200) NOT NULL,
  `trigger_group` varchar(200) NOT NULL,
  `repeat_count` bigint(7) NOT NULL,
  `repeat_interval` bigint(12) NOT NULL,
  `times_triggered` bigint(10) NOT NULL,
  PRIMARY KEY (`sched_name`,`trigger_name`,`trigger_group`),
  CONSTRAINT `qrtz_simple_triggers_ibfk_1` FOREIGN KEY (`sched_name`, `trigger_name`, `trigger_group`) REFERENCES `qrtz_triggers` (`sched_name`, `trigger_name`, `trigger_group`)
) ENGINE=InnoDB DEFAULT CHARSET=utf8;

-- ----------------------------
-- Records of qrtz_simple_triggers
-- ----------------------------

-- ----------------------------
-- Table structure for `qrtz_simprop_triggers`
-- ----------------------------
DROP TABLE IF EXISTS `qrtz_simprop_triggers`;
CREATE TABLE `qrtz_simprop_triggers` (
  `sched_name` varchar(120) NOT NULL,
  `trigger_name` varchar(200) NOT NULL,
  `trigger_group` varchar(200) NOT NULL,
  `str_prop_1` varchar(512) DEFAULT NULL,
  `str_prop_2` varchar(512) DEFAULT NULL,
  `str_prop_3` varchar(512) DEFAULT NULL,
  `int_prop_1` int(11) DEFAULT NULL,
  `int_prop_2` int(11) DEFAULT NULL,
  `long_prop_1` bigint(20) DEFAULT NULL,
  `long_prop_2` bigint(20) DEFAULT NULL,
  `dec_prop_1` decimal(13,4) DEFAULT NULL,
  `dec_prop_2` decimal(13,4) DEFAULT NULL,
  `bool_prop_1` varchar(1) DEFAULT NULL,
  `bool_prop_2` varchar(1) DEFAULT NULL,
  PRIMARY KEY (`sched_name`,`trigger_name`,`trigger_group`),
  CONSTRAINT `qrtz_simprop_triggers_ibfk_1` FOREIGN KEY (`sched_name`, `trigger_name`, `trigger_group`) REFERENCES `qrtz_triggers` (`sched_name`, `trigger_name`, `trigger_group`)
) ENGINE=InnoDB DEFAULT CHARSET=utf8;

-- ----------------------------
-- Records of qrtz_simprop_triggers
-- ----------------------------

-- ----------------------------
-- Table structure for `qrtz_triggers`
-- ----------------------------
DROP TABLE IF EXISTS `qrtz_triggers`;
CREATE TABLE `qrtz_triggers` (
  `sched_name` varchar(120) NOT NULL,
  `trigger_name` varchar(200) NOT NULL,
  `trigger_group` varchar(200) NOT NULL,
  `job_name` varchar(200) NOT NULL,
  `job_group` varchar(200) NOT NULL,
  `description` varchar(250) DEFAULT NULL,
  `next_fire_time` bigint(13) DEFAULT NULL,
  `prev_fire_time` bigint(13) DEFAULT NULL,
  `priority` int(11) DEFAULT NULL,
  `trigger_state` varchar(16) NOT NULL,
  `trigger_type` varchar(8) NOT NULL,
  `start_time` bigint(13) NOT NULL,
  `end_time` bigint(13) DEFAULT NULL,
  `calendar_name` varchar(200) DEFAULT NULL,
  `misfire_instr` smallint(2) DEFAULT NULL,
  `job_data` blob,
  PRIMARY KEY (`sched_name`,`trigger_name`,`trigger_group`),
  KEY `sched_name` (`sched_name`,`job_name`,`job_group`),
  CONSTRAINT `qrtz_triggers_ibfk_1` FOREIGN KEY (`sched_name`, `job_name`, `job_group`) REFERENCES `qrtz_job_details` (`sched_name`, `job_name`, `job_group`)
) ENGINE=InnoDB DEFAULT CHARSET=utf8;

-- ----------------------------
-- Records of qrtz_triggers
-- ----------------------------
INSERT INTO `qrtz_triggers` VALUES ('HorseScheduler', '__TASK_CLASS_NAME__1', 'DEFAULT', '__TASK_CLASS_NAME__1', 'DEFAULT', null, '1551145250000', '-1', '5', 'PAUSED', 'CRON', '1551145247000', '0', null, '2', 0xACED0005737200156F72672E71756172747A2E4A6F62446174614D61709FB083E8BFA9B0CB020000787200266F72672E71756172747A2E7574696C732E537472696E674B65794469727479466C61674D61708208E8C3FBC55D280200015A0013616C6C6F77735472616E7369656E74446174617872001D6F72672E71756172747A2E7574696C732E4469727479466C61674D617013E62EAD28760ACE0200025A000564697274794C00036D617074000F4C6A6176612F7574696C2F4D61703B787001737200116A6176612E7574696C2E486173684D61700507DAC1C31660D103000246000A6C6F6164466163746F724900097468726573686F6C6478703F4000000000000C770800000010000000017400135F5F5441534B5F50524F504552544945535F5F7372001E636F6D2E686F7273652E71756172747A2E646F6D61696E2E5379734A6F6200000000000000010200084C000E63726F6E45787072657373696F6E7400124C6A6176612F6C616E672F537472696E673B4C00086A6F6247726F757071007E00094C00056A6F6249647400104C6A6176612F6C616E672F4C6F6E673B4C00076A6F624E616D6571007E00094C000A6D6574686F644E616D6571007E00094C000C6D6574686F64506172616D7371007E00094C000D6D697366697265506F6C69637971007E00094C000673746174757371007E000978720020636F6D2E686F7273652E636F6D6D6F6E2E626173652E42617365456E7469747900000000000000010200074C0008637265617465427971007E00094C000A63726561746554696D657400104C6A6176612F7574696C2F446174653B4C0006706172616D7371007E00034C000672656D61726B71007E00094C000B73656172636856616C756571007E00094C0008757064617465427971007E00094C000A75706461746554696D6571007E000C787074000561646D696E7372000E6A6176612E7574696C2E44617465686A81014B59741903000078707708000001622CDE29E0787074000070707074000E302F3130202A202A202A202A203F740018E7B3BBE7BB9FE9BB98E8AEA4EFBC88E697A0E58F82EFBC897372000E6A6176612E6C616E672E4C6F6E673B8BE490CC8F23DF0200014A000576616C7565787200106A6176612E6C616E672E4E756D62657286AC951D0B94E08B0200007870000000000000000174000672795461736B74000A72794E6F506172616D7374000074000133740001317800);
INSERT INTO `qrtz_triggers` VALUES ('HorseScheduler', '__TASK_CLASS_NAME__2', 'DEFAULT', '__TASK_CLASS_NAME__2', 'DEFAULT', null, '1551145260000', '-1', '5', 'PAUSED', 'CRON', '1551145247000', '0', null, '2', 0xACED0005737200156F72672E71756172747A2E4A6F62446174614D61709FB083E8BFA9B0CB020000787200266F72672E71756172747A2E7574696C732E537472696E674B65794469727479466C61674D61708208E8C3FBC55D280200015A0013616C6C6F77735472616E7369656E74446174617872001D6F72672E71756172747A2E7574696C732E4469727479466C61674D617013E62EAD28760ACE0200025A000564697274794C00036D617074000F4C6A6176612F7574696C2F4D61703B787001737200116A6176612E7574696C2E486173684D61700507DAC1C31660D103000246000A6C6F6164466163746F724900097468726573686F6C6478703F4000000000000C770800000010000000017400135F5F5441534B5F50524F504552544945535F5F7372001E636F6D2E686F7273652E71756172747A2E646F6D61696E2E5379734A6F6200000000000000010200084C000E63726F6E45787072657373696F6E7400124C6A6176612F6C616E672F537472696E673B4C00086A6F6247726F757071007E00094C00056A6F6249647400104C6A6176612F6C616E672F4C6F6E673B4C00076A6F624E616D6571007E00094C000A6D6574686F644E616D6571007E00094C000C6D6574686F64506172616D7371007E00094C000D6D697366697265506F6C69637971007E00094C000673746174757371007E000978720020636F6D2E686F7273652E636F6D6D6F6E2E626173652E42617365456E7469747900000000000000010200074C0008637265617465427971007E00094C000A63726561746554696D657400104C6A6176612F7574696C2F446174653B4C0006706172616D7371007E00034C000672656D61726B71007E00094C000B73656172636856616C756571007E00094C0008757064617465427971007E00094C000A75706461746554696D6571007E000C787074000561646D696E7372000E6A6176612E7574696C2E44617465686A81014B59741903000078707708000001622CDE29E0787074000070707074000E302F3230202A202A202A202A203F740018E7B3BBE7BB9FE9BB98E8AEA4EFBC88E69C89E58F82EFBC897372000E6A6176612E6C616E672E4C6F6E673B8BE490CC8F23DF0200014A000576616C7565787200106A6176612E6C616E672E4E756D62657286AC951D0B94E08B0200007870000000000000000274000672795461736B7400087279506172616D73740002727974000133740001317800);
INSERT INTO `qrtz_triggers` VALUES ('RuoyiScheduler', '__TASK_CLASS_NAME__1', 'DEFAULT', '__TASK_CLASS_NAME__1', 'DEFAULT', null, '1550496220000', '-1', '5', 'PAUSED', 'CRON', '1550496217000', '0', null, '2', 0xACED0005737200156F72672E71756172747A2E4A6F62446174614D61709FB083E8BFA9B0CB020000787200266F72672E71756172747A2E7574696C732E537472696E674B65794469727479466C61674D61708208E8C3FBC55D280200015A0013616C6C6F77735472616E7369656E74446174617872001D6F72672E71756172747A2E7574696C732E4469727479466C61674D617013E62EAD28760ACE0200025A000564697274794C00036D617074000F4C6A6176612F7574696C2F4D61703B787001737200116A6176612E7574696C2E486173684D61700507DAC1C31660D103000246000A6C6F6164466163746F724900097468726573686F6C6478703F4000000000000C770800000010000000017400135F5F5441534B5F50524F504552544945535F5F7372001E636F6D2E72756F79692E71756172747A2E646F6D61696E2E5379734A6F6200000000000000010200084C000E63726F6E45787072657373696F6E7400124C6A6176612F6C616E672F537472696E673B4C00086A6F6247726F757071007E00094C00056A6F6249647400104C6A6176612F6C616E672F4C6F6E673B4C00076A6F624E616D6571007E00094C000A6D6574686F644E616D6571007E00094C000C6D6574686F64506172616D7371007E00094C000D6D697366697265506F6C69637971007E00094C000673746174757371007E000978720020636F6D2E72756F79692E636F6D6D6F6E2E626173652E42617365456E7469747900000000000000010200074C0008637265617465427971007E00094C000A63726561746554696D657400104C6A6176612F7574696C2F446174653B4C0006706172616D7371007E00034C000672656D61726B71007E00094C000B73656172636856616C756571007E00094C0008757064617465427971007E00094C000A75706461746554696D6571007E000C787074000561646D696E7372000E6A6176612E7574696C2E44617465686A81014B59741903000078707708000001622CDE29E0787074000070707074000E302F3130202A202A202A202A203F740018E7B3BBE7BB9FE9BB98E8AEA4EFBC88E697A0E58F82EFBC897372000E6A6176612E6C616E672E4C6F6E673B8BE490CC8F23DF0200014A000576616C7565787200106A6176612E6C616E672E4E756D62657286AC951D0B94E08B0200007870000000000000000174000672795461736B74000A72794E6F506172616D7374000074000133740001317800);
INSERT INTO `qrtz_triggers` VALUES ('RuoyiScheduler', '__TASK_CLASS_NAME__2', 'DEFAULT', '__TASK_CLASS_NAME__2', 'DEFAULT', null, '1550496220000', '-1', '5', 'PAUSED', 'CRON', '1550496217000', '0', null, '2', 0xACED0005737200156F72672E71756172747A2E4A6F62446174614D61709FB083E8BFA9B0CB020000787200266F72672E71756172747A2E7574696C732E537472696E674B65794469727479466C61674D61708208E8C3FBC55D280200015A0013616C6C6F77735472616E7369656E74446174617872001D6F72672E71756172747A2E7574696C732E4469727479466C61674D617013E62EAD28760ACE0200025A000564697274794C00036D617074000F4C6A6176612F7574696C2F4D61703B787001737200116A6176612E7574696C2E486173684D61700507DAC1C31660D103000246000A6C6F6164466163746F724900097468726573686F6C6478703F4000000000000C770800000010000000017400135F5F5441534B5F50524F504552544945535F5F7372001E636F6D2E72756F79692E71756172747A2E646F6D61696E2E5379734A6F6200000000000000010200084C000E63726F6E45787072657373696F6E7400124C6A6176612F6C616E672F537472696E673B4C00086A6F6247726F757071007E00094C00056A6F6249647400104C6A6176612F6C616E672F4C6F6E673B4C00076A6F624E616D6571007E00094C000A6D6574686F644E616D6571007E00094C000C6D6574686F64506172616D7371007E00094C000D6D697366697265506F6C69637971007E00094C000673746174757371007E000978720020636F6D2E72756F79692E636F6D6D6F6E2E626173652E42617365456E7469747900000000000000010200074C0008637265617465427971007E00094C000A63726561746554696D657400104C6A6176612F7574696C2F446174653B4C0006706172616D7371007E00034C000672656D61726B71007E00094C000B73656172636856616C756571007E00094C0008757064617465427971007E00094C000A75706461746554696D6571007E000C787074000561646D696E7372000E6A6176612E7574696C2E44617465686A81014B59741903000078707708000001622CDE29E0787074000070707074000E302F3230202A202A202A202A203F740018E7B3BBE7BB9FE9BB98E8AEA4EFBC88E69C89E58F82EFBC897372000E6A6176612E6C616E672E4C6F6E673B8BE490CC8F23DF0200014A000576616C7565787200106A6176612E6C616E672E4E756D62657286AC951D0B94E08B0200007870000000000000000274000672795461736B7400087279506172616D73740002727974000133740001317800);

-- ----------------------------
-- Table structure for `sequence`
-- ----------------------------
DROP TABLE IF EXISTS `sequence`;
CREATE TABLE `sequence` (
  `SEQ_NAME` varchar(50) NOT NULL,
  `MINVALUE` int(11) NOT NULL,
  `MAXVALUE` int(11) NOT NULL,
  `CURRENT_VAL` int(11) NOT NULL,
  `INCREMENT_VAL` int(11) NOT NULL,
  PRIMARY KEY (`SEQ_NAME`)
) ENGINE=InnoDB DEFAULT CHARSET=utf8 COMMENT='序列号';

-- ----------------------------
-- Records of sequence
-- ----------------------------
INSERT INTO `sequence` VALUES ('123', '1', '99999999', '3', '1');

-- ----------------------------
-- Table structure for `sys_config`
-- ----------------------------
DROP TABLE IF EXISTS `sys_config`;
CREATE TABLE `sys_config` (
  `config_id` int(5) NOT NULL AUTO_INCREMENT COMMENT '参数主键',
  `config_name` varchar(100) DEFAULT '' COMMENT '参数名称',
  `config_key` varchar(100) DEFAULT '' COMMENT '参数键名',
  `config_value` varchar(100) DEFAULT '' COMMENT '参数键值',
  `config_type` char(1) DEFAULT 'N' COMMENT '系统内置（Y是 N否）',
  `create_by` varchar(64) DEFAULT '' COMMENT '创建者',
  `create_time` datetime DEFAULT NULL COMMENT '创建时间',
  `update_by` varchar(64) DEFAULT '' COMMENT '更新者',
  `update_time` datetime DEFAULT NULL COMMENT '更新时间',
  `remark` varchar(500) DEFAULT NULL COMMENT '备注',
  PRIMARY KEY (`config_id`)
) ENGINE=InnoDB AUTO_INCREMENT=3 DEFAULT CHARSET=utf8 COMMENT='参数配置表';

-- ----------------------------
-- Records of sys_config
-- ----------------------------
INSERT INTO `sys_config` VALUES ('1', '颜色主题', 'sys.index.skinName', 'skin-blue', 'Y', 'admin', '2018-03-16 11:33:00', 'admin', '2019-03-23 10:13:56', '蓝色 skin-blue、绿色 skin-green、紫色 skin-purple、红色 skin-red、黄色 skin-yellow');
INSERT INTO `sys_config` VALUES ('2', '用户初始密码', 'sys.user.initPassword', '123456', 'Y', 'admin', '2018-03-16 11:33:00', 'admin', '2019-03-23 10:14:28', '初始化密码 123456');

-- ----------------------------
-- Table structure for `sys_dept`
-- ----------------------------
DROP TABLE IF EXISTS `sys_dept`;
CREATE TABLE `sys_dept` (
  `dept_id` int(11) NOT NULL AUTO_INCREMENT COMMENT '部门id',
  `parent_id` int(11) DEFAULT '0' COMMENT '父部门id',
  `ancestors` varchar(50) DEFAULT '' COMMENT '祖级列表',
  `dept_name` varchar(30) DEFAULT '' COMMENT '部门名称',
  `order_num` int(4) DEFAULT '0' COMMENT '显示顺序',
  `leader` varchar(20) DEFAULT NULL COMMENT '负责人',
  `phone` varchar(11) DEFAULT NULL COMMENT '联系电话',
  `email` varchar(50) DEFAULT NULL COMMENT '邮箱',
  `status` char(1) DEFAULT '0' COMMENT '部门状态（0正常 1停用）',
  `del_flag` char(1) DEFAULT '0' COMMENT '删除标志（0代表存在 2代表删除）',
  `create_by` varchar(64) DEFAULT '' COMMENT '创建者',
  `create_time` datetime DEFAULT NULL COMMENT '创建时间',
  `update_by` varchar(64) DEFAULT '' COMMENT '更新者',
  `update_time` datetime DEFAULT NULL COMMENT '更新时间',
  PRIMARY KEY (`dept_id`)
) ENGINE=InnoDB AUTO_INCREMENT=112 DEFAULT CHARSET=utf8 COMMENT='部门表';

-- ----------------------------
-- Records of sys_dept
-- ----------------------------
INSERT INTO `sys_dept` VALUES ('100', '0', '0', '甘肃武威肿瘤医院', '0', '郑金马', '15888888888', 'ry@qq.com', '0', '0', 'admin', '2018-03-16 11:33:00', 'admin', '2019-03-13 08:38:44');
INSERT INTO `sys_dept` VALUES ('101', '100', '0,100', '放射科', '1', '郑金马', '', '', '0', '0', 'admin', '2018-03-16 11:33:00', 'admin', '2019-03-13 08:38:20');
INSERT INTO `sys_dept` VALUES ('110', '100', '0,100', '检验科', '2', '', '', '', '0', '0', 'admin', '2019-02-20 00:53:53', 'admin', '2019-03-13 08:38:44');
INSERT INTO `sys_dept` VALUES ('111', '100', '0,100', '质量部门', '3', null, null, null, '0', '0', 'admin', '2019-02-20 01:00:48', '', null);

-- ----------------------------
-- Table structure for `sys_dict_data`
-- ----------------------------
DROP TABLE IF EXISTS `sys_dict_data`;
CREATE TABLE `sys_dict_data` (
  `dict_code` int(11) NOT NULL AUTO_INCREMENT COMMENT '字典编码',
  `dict_sort` int(4) DEFAULT '0' COMMENT '字典排序',
  `dict_label` varchar(100) DEFAULT '' COMMENT '字典标签',
  `dict_value` varchar(100) DEFAULT '' COMMENT '字典键值',
  `dict_type` varchar(100) DEFAULT '' COMMENT '字典类型',
  `css_class` varchar(100) DEFAULT NULL COMMENT '样式属性（其他样式扩展）',
  `list_class` varchar(100) DEFAULT NULL COMMENT '表格回显样式',
  `is_default` char(1) DEFAULT 'N' COMMENT '是否默认（Y是 N否）',
  `status` char(1) DEFAULT '0' COMMENT '状态（0正常 1停用）',
  `create_by` varchar(64) DEFAULT '' COMMENT '创建者',
  `create_time` datetime DEFAULT NULL COMMENT '创建时间',
  `update_by` varchar(64) DEFAULT '' COMMENT '更新者',
  `update_time` datetime DEFAULT NULL COMMENT '更新时间',
  `remark` varchar(500) DEFAULT NULL COMMENT '备注',
  PRIMARY KEY (`dict_code`)
) ENGINE=InnoDB AUTO_INCREMENT=61 DEFAULT CHARSET=utf8 COMMENT='字典数据表';

-- ----------------------------
-- Records of sys_dict_data
-- ----------------------------
INSERT INTO `sys_dict_data` VALUES ('1', '1', '男', '0', 'sys_user_sex', '', '', 'Y', '0', 'admin', '2018-03-16 11:33:00', 'ry', '2018-03-16 11:33:00', '性别男');
INSERT INTO `sys_dict_data` VALUES ('2', '2', '女', '1', 'sys_user_sex', '', '', 'N', '0', 'admin', '2018-03-16 11:33:00', 'ry', '2018-03-16 11:33:00', '性别女');
INSERT INTO `sys_dict_data` VALUES ('3', '3', '未知', '2', 'sys_user_sex', '', '', 'N', '0', 'admin', '2018-03-16 11:33:00', 'ry', '2018-03-16 11:33:00', '性别未知');
INSERT INTO `sys_dict_data` VALUES ('4', '1', '显示', '0', 'sys_show_hide', '', 'primary', 'Y', '0', 'admin', '2018-03-16 11:33:00', 'ry', '2018-03-16 11:33:00', '显示菜单');
INSERT INTO `sys_dict_data` VALUES ('5', '2', '隐藏', '1', 'sys_show_hide', '', 'danger', 'N', '0', 'admin', '2018-03-16 11:33:00', 'ry', '2018-03-16 11:33:00', '隐藏菜单');
INSERT INTO `sys_dict_data` VALUES ('6', '1', '正常', '0', 'sys_normal_disable', '', 'primary', 'Y', '0', 'admin', '2018-03-16 11:33:00', 'ry', '2018-03-16 11:33:00', '正常状态');
INSERT INTO `sys_dict_data` VALUES ('7', '2', '停用', '1', 'sys_normal_disable', '', 'danger', 'N', '0', 'admin', '2018-03-16 11:33:00', 'ry', '2018-03-16 11:33:00', '停用状态');
INSERT INTO `sys_dict_data` VALUES ('8', '1', '正常', '0', 'sys_job_status', '', 'primary', 'Y', '0', 'admin', '2018-03-16 11:33:00', 'ry', '2018-03-16 11:33:00', '正常状态');
INSERT INTO `sys_dict_data` VALUES ('9', '2', '暂停', '1', 'sys_job_status', '', 'danger', 'N', '0', 'admin', '2018-03-16 11:33:00', 'ry', '2018-03-16 11:33:00', '停用状态');
INSERT INTO `sys_dict_data` VALUES ('10', '1', '是', 'Y', 'sys_yes_no', '', 'primary', 'Y', '0', 'admin', '2018-03-16 11:33:00', 'ry', '2018-03-16 11:33:00', '系统默认是');
INSERT INTO `sys_dict_data` VALUES ('11', '2', '否', 'N', 'sys_yes_no', '', 'danger', 'N', '0', 'admin', '2018-03-16 11:33:00', 'ry', '2018-03-16 11:33:00', '系统默认否');
INSERT INTO `sys_dict_data` VALUES ('12', '1', '通知', '1', 'sys_notice_type', '', 'warning', 'Y', '0', 'admin', '2018-03-16 11:33:00', 'ry', '2018-03-16 11:33:00', '通知');
INSERT INTO `sys_dict_data` VALUES ('13', '2', '公告', '2', 'sys_notice_type', '', 'success', 'N', '0', 'admin', '2018-03-16 11:33:00', 'ry', '2018-03-16 11:33:00', '公告');
INSERT INTO `sys_dict_data` VALUES ('14', '1', '正常', '0', 'sys_notice_status', '', 'primary', 'Y', '0', 'admin', '2018-03-16 11:33:00', 'ry', '2018-03-16 11:33:00', '正常状态');
INSERT INTO `sys_dict_data` VALUES ('15', '2', '关闭', '1', 'sys_notice_status', '', 'danger', 'N', '0', 'admin', '2018-03-16 11:33:00', 'ry', '2018-03-16 11:33:00', '关闭状态');
INSERT INTO `sys_dict_data` VALUES ('16', '1', '新增', '1', 'sys_oper_type', '', 'info', 'N', '0', 'admin', '2018-03-16 11:33:00', 'ry', '2018-03-16 11:33:00', '新增操作');
INSERT INTO `sys_dict_data` VALUES ('17', '2', '修改', '2', 'sys_oper_type', '', 'info', 'N', '0', 'admin', '2018-03-16 11:33:00', 'ry', '2018-03-16 11:33:00', '修改操作');
INSERT INTO `sys_dict_data` VALUES ('18', '3', '删除', '3', 'sys_oper_type', '', 'danger', 'N', '0', 'admin', '2018-03-16 11:33:00', 'ry', '2018-03-16 11:33:00', '删除操作');
INSERT INTO `sys_dict_data` VALUES ('19', '4', '授权', '4', 'sys_oper_type', '', 'primary', 'N', '0', 'admin', '2018-03-16 11:33:00', 'ry', '2018-03-16 11:33:00', '授权操作');
INSERT INTO `sys_dict_data` VALUES ('20', '5', '导出', '5', 'sys_oper_type', '', 'warning', 'N', '0', 'admin', '2018-03-16 11:33:00', 'ry', '2018-03-16 11:33:00', '导出操作');
INSERT INTO `sys_dict_data` VALUES ('21', '6', '导入', '6', 'sys_oper_type', '', 'warning', 'N', '0', 'admin', '2018-03-16 11:33:00', 'ry', '2018-03-16 11:33:00', '导入操作');
INSERT INTO `sys_dict_data` VALUES ('22', '7', '强退', '7', 'sys_oper_type', '', 'danger', 'N', '0', 'admin', '2018-03-16 11:33:00', 'ry', '2018-03-16 11:33:00', '强退操作');
INSERT INTO `sys_dict_data` VALUES ('23', '8', '生成代码', '8', 'sys_oper_type', '', 'warning', 'N', '0', 'admin', '2018-03-16 11:33:00', 'ry', '2018-03-16 11:33:00', '生成操作');
INSERT INTO `sys_dict_data` VALUES ('24', '8', '清空数据', '9', 'sys_oper_type', '', 'danger', 'N', '0', 'admin', '2018-03-16 11:33:00', 'ry', '2018-03-16 11:33:00', '清空操作');
INSERT INTO `sys_dict_data` VALUES ('25', '1', '成功', '0', 'sys_common_status', '', 'primary', 'N', '0', 'admin', '2018-03-16 11:33:00', 'ry', '2018-03-16 11:33:00', '正常状态');
INSERT INTO `sys_dict_data` VALUES ('26', '2', '失败', '1', 'sys_common_status', '', 'danger', 'N', '0', 'admin', '2018-03-16 11:33:00', 'ry', '2018-03-16 11:33:00', '停用状态');
INSERT INTO `sys_dict_data` VALUES ('27', '1', '等待执行', '0', 'work_status', '', 'primary', 'Y', '0', 'admin', '2019-03-16 23:05:49', 'admin', '2019-03-16 23:07:04', '');
INSERT INTO `sys_dict_data` VALUES ('28', '2', '正在执行', '1', 'work_status', null, null, 'Y', '0', 'admin', '2019-03-16 23:06:28', '', null, null);
INSERT INTO `sys_dict_data` VALUES ('29', '3', '执行结束', '2', 'work_status', '', '', 'Y', '0', 'admin', '2019-03-16 23:06:55', 'admin', '2019-03-16 23:07:21', '');
INSERT INTO `sys_dict_data` VALUES ('30', '4', '异常停止', '3', 'work_status', null, null, 'Y', '0', 'admin', '2019-03-16 23:07:31', '', null, null);
INSERT INTO `sys_dict_data` VALUES ('31', '5', '不执行', '4', 'work_status', null, null, 'Y', '0', 'admin', '2019-03-16 23:07:49', '', null, null);
INSERT INTO `sys_dict_data` VALUES ('32', '1', '自动', '1', 'run_model', '', '', 'Y', '0', 'admin', '2019-03-22 16:47:06', 'admin', '2019-03-22 16:47:39', '');
INSERT INTO `sys_dict_data` VALUES ('33', '2', '手工', '0', 'run_model', null, null, 'Y', '0', 'admin', '2019-03-22 16:47:26', '', null, null);
INSERT INTO `sys_dict_data` VALUES ('34', '1', '同步', '0', 'dealFlag', null, null, 'Y', '0', 'admin', '2019-03-23 09:55:02', '', null, null);
INSERT INTO `sys_dict_data` VALUES ('35', '2', '异步', '1', 'dealFlag', null, null, 'Y', '0', 'admin', '2019-03-23 09:55:14', '', null, null);
INSERT INTO `sys_dict_data` VALUES ('36', '1', '等待治疗', '0', 'treat_status', '', 'info', 'Y', '0', 'admin', '2019-03-23 22:15:17', 'admin', '2019-05-20 15:30:56', '');
INSERT INTO `sys_dict_data` VALUES ('37', '2', '治疗未完成', '1', 'treat_status', '', 'warning', 'Y', '0', 'admin', '2019-03-23 22:15:35', 'admin', '2019-05-20 15:30:40', '');
INSERT INTO `sys_dict_data` VALUES ('38', '3', '治疗失败', '2', 'treat_status', '', 'danger', 'Y', '0', 'admin', '2019-03-23 22:15:54', 'admin', '2019-05-20 15:30:46', '');
INSERT INTO `sys_dict_data` VALUES ('39', '4', '治疗完成', '3', 'treat_status', '', 'primary', 'Y', '0', 'admin', '2019-03-23 22:16:24', 'admin', '2019-05-20 15:31:02', '');
INSERT INTO `sys_dict_data` VALUES ('40', '16', '完成', '16', 'taskState', null, 'primary', 'Y', '0', 'admin', '2019-04-03 14:48:36', '', null, null);
INSERT INTO `sys_dict_data` VALUES ('41', '1', '创建状态', '1', 'taskState', null, 'primary', 'Y', '0', 'admin', '2019-04-03 14:49:32', '', null, null);
INSERT INTO `sys_dict_data` VALUES ('42', '2', '启动', '2', 'taskState', null, null, 'Y', '0', 'admin', '2019-04-03 14:50:55', '', null, null);
INSERT INTO `sys_dict_data` VALUES ('43', '4', '经办', '4', 'taskState', null, null, 'Y', '0', 'admin', '2019-04-03 14:51:49', '', null, null);
INSERT INTO `sys_dict_data` VALUES ('44', '0', '', '', '', null, null, 'N', '0', 'admin', '2019-04-07 09:35:27', '', null, null);
INSERT INTO `sys_dict_data` VALUES ('45', '1', '创建', '0', 'beam_status', '', 'primary', 'Y', '0', 'admin', '2019-04-18 10:37:50', 'admin', '2019-04-22 10:07:14', '');
INSERT INTO `sys_dict_data` VALUES ('46', '2', '执行中', '1', 'beam_status', '', 'primary', 'Y', '0', 'admin', '2019-04-18 14:44:47', 'admin', '2019-04-22 10:06:25', '');
INSERT INTO `sys_dict_data` VALUES ('49', '5', '执行异常', '3', 'beam_status', '', 'primary', 'Y', '0', 'admin', '2019-04-18 14:47:12', 'admin', '2019-04-22 10:07:33', '');
INSERT INTO `sys_dict_data` VALUES ('50', '6', '完成', '16', 'beam_status', '', 'primary', 'Y', '0', 'admin', '2019-04-18 14:48:47', 'admin', '2019-04-22 10:07:09', '');
INSERT INTO `sys_dict_data` VALUES ('51', '1', '未标定', '0', 'dev_status', '', 'danger', 'Y', '0', 'admin', '2019-05-08 09:10:39', 'admin', '2019-05-14 14:56:03', '');
INSERT INTO `sys_dict_data` VALUES ('52', '2', '已标定', '1', 'dev_status', '', 'primary', 'Y', '0', 'admin', '2019-05-08 09:11:38', 'admin', '2019-05-14 14:53:11', '');
INSERT INTO `sys_dict_data` VALUES ('53', '1', '未标定', '0', 'beam_status_bd', '', 'danger', 'Y', '0', 'admin', '2019-05-20 15:17:27', 'admin', '2019-05-20 15:32:09', '');
INSERT INTO `sys_dict_data` VALUES ('54', '2', '已标定', '1', 'beam_status_bd', null, 'primary', 'Y', '0', 'admin', '2019-05-20 15:18:10', '', null, null);
INSERT INTO `sys_dict_data` VALUES ('55', '1', '合格', '0', 'check_status', null, 'success', 'Y', '0', 'admin', '2019-05-24 11:45:01', '', null, null);
INSERT INTO `sys_dict_data` VALUES ('56', '2', '不合格', '1', 'check_status', null, 'warning', 'Y', '0', 'admin', '2019-05-24 11:45:45', '', null, null);
INSERT INTO `sys_dict_data` VALUES ('57', '3', '未检查', '2', 'check_status', null, 'info', 'Y', '0', 'admin', '2019-05-24 11:46:22', '', null, null);
INSERT INTO `sys_dict_data` VALUES ('58', '4', '不适用', '3', 'check_status', null, 'danger', 'Y', '0', 'admin', '2019-05-24 11:46:46', '', null, null);
INSERT INTO `sys_dict_data` VALUES ('59', '1', '未检查', '0', 'devRoomcheckStatus', null, 'warning', 'Y', '0', 'admin', '2019-06-20 23:29:17', '', null, null);
INSERT INTO `sys_dict_data` VALUES ('60', '2', '已检查', '1', 'devRoomcheckStatus', null, 'success', 'Y', '0', 'admin', '2019-06-20 23:29:44', '', null, null);

-- ----------------------------
-- Table structure for `sys_dict_type`
-- ----------------------------
DROP TABLE IF EXISTS `sys_dict_type`;
CREATE TABLE `sys_dict_type` (
  `dict_id` int(11) NOT NULL AUTO_INCREMENT COMMENT '字典主键',
  `dict_name` varchar(100) DEFAULT '' COMMENT '字典名称',
  `dict_type` varchar(100) DEFAULT '' COMMENT '字典类型',
  `status` char(1) DEFAULT '0' COMMENT '状态（0正常 1停用）',
  `create_by` varchar(64) DEFAULT '' COMMENT '创建者',
  `create_time` datetime DEFAULT NULL COMMENT '创建时间',
  `update_by` varchar(64) DEFAULT '' COMMENT '更新者',
  `update_time` datetime DEFAULT NULL COMMENT '更新时间',
  `remark` varchar(500) DEFAULT NULL COMMENT '备注',
  PRIMARY KEY (`dict_id`),
  UNIQUE KEY `dict_type` (`dict_type`)
) ENGINE=InnoDB AUTO_INCREMENT=20 DEFAULT CHARSET=utf8 COMMENT='字典类型表';

-- ----------------------------
-- Records of sys_dict_type
-- ----------------------------
INSERT INTO `sys_dict_type` VALUES ('1', '用户性别', 'sys_user_sex', '0', 'admin', '2018-03-16 11:33:00', 'ry', '2018-03-16 11:33:00', '用户性别列表');
INSERT INTO `sys_dict_type` VALUES ('2', '菜单状态', 'sys_show_hide', '0', 'admin', '2018-03-16 11:33:00', 'ry', '2018-03-16 11:33:00', '菜单状态列表');
INSERT INTO `sys_dict_type` VALUES ('3', '系统开关', 'sys_normal_disable', '0', 'admin', '2018-03-16 11:33:00', 'ry', '2018-03-16 11:33:00', '系统开关列表');
INSERT INTO `sys_dict_type` VALUES ('4', '任务状态', 'sys_job_status', '0', 'admin', '2018-03-16 11:33:00', 'ry', '2018-03-16 11:33:00', '任务状态列表');
INSERT INTO `sys_dict_type` VALUES ('5', '系统是否', 'sys_yes_no', '0', 'admin', '2018-03-16 11:33:00', 'ry', '2018-03-16 11:33:00', '系统是否列表');
INSERT INTO `sys_dict_type` VALUES ('6', '通知类型', 'sys_notice_type', '0', 'admin', '2018-03-16 11:33:00', 'ry', '2018-03-16 11:33:00', '通知类型列表');
INSERT INTO `sys_dict_type` VALUES ('7', '通知状态', 'sys_notice_status', '0', 'admin', '2018-03-16 11:33:00', 'ry', '2018-03-16 11:33:00', '通知状态列表');
INSERT INTO `sys_dict_type` VALUES ('8', '操作类型', 'sys_oper_type', '0', 'admin', '2018-03-16 11:33:00', 'ry', '2018-03-16 11:33:00', '操作类型列表');
INSERT INTO `sys_dict_type` VALUES ('9', '系统状态', 'sys_common_status', '0', 'admin', '2018-03-16 11:33:00', 'ry', '2018-03-16 11:33:00', '登录状态列表');
INSERT INTO `sys_dict_type` VALUES ('10', '任务状态', 'work_status', '0', 'admin', '2019-03-16 23:01:35', '', null, '治疗任务状态');
INSERT INTO `sys_dict_type` VALUES ('11', '运行方式', 'run_model', '0', 'admin', '2019-03-22 16:46:38', '', null, null);
INSERT INTO `sys_dict_type` VALUES ('12', '同异步方式', 'dealFlag', '0', 'admin', '2019-03-23 09:54:39', '', null, null);
INSERT INTO `sys_dict_type` VALUES ('13', '治疗状态', 'treat_status', '0', 'admin', '2019-03-23 22:13:32', 'admin', '2019-05-20 15:22:11', '');
INSERT INTO `sys_dict_type` VALUES ('14', '流程状态', 'taskState', '0', 'admin', '2019-04-03 14:45:35', '', null, null);
INSERT INTO `sys_dict_type` VALUES ('15', '束流状态', 'beam_status', '0', 'admin', '2019-04-18 10:35:10', '', null, null);
INSERT INTO `sys_dict_type` VALUES ('16', '设备标定状态', 'dev_status', '0', 'admin', '2019-05-08 09:04:38', 'admin', '2019-05-20 15:22:48', '');
INSERT INTO `sys_dict_type` VALUES ('17', '束流标定状态', 'beam_status_bd', '0', 'admin', '2019-05-20 15:16:37', 'admin', '2019-05-20 15:22:37', '');
INSERT INTO `sys_dict_type` VALUES ('18', '检查项状态', 'check_status', '0', 'admin', '2019-05-24 11:40:09', '', null, '检查项列表');
INSERT INTO `sys_dict_type` VALUES ('19', '治疗室检查状态', 'devRoomcheckStatus', '0', 'admin', '2019-06-20 23:27:21', 'admin', '2019-06-20 23:33:30', '治疗室状态');

-- ----------------------------
-- Table structure for `sys_job`
-- ----------------------------
DROP TABLE IF EXISTS `sys_job`;
CREATE TABLE `sys_job` (
  `job_id` int(11) NOT NULL AUTO_INCREMENT COMMENT '任务ID',
  `job_name` varchar(64) NOT NULL DEFAULT '' COMMENT '任务名称',
  `job_group` varchar(64) NOT NULL DEFAULT '' COMMENT '任务组名',
  `method_name` varchar(500) DEFAULT '' COMMENT '任务方法',
  `method_params` varchar(50) DEFAULT NULL COMMENT '方法参数',
  `cron_expression` varchar(255) DEFAULT '' COMMENT 'cron执行表达式',
  `misfire_policy` varchar(20) DEFAULT '3' COMMENT '计划执行错误策略（1立即执行 2执行一次 3放弃执行）',
  `status` char(1) DEFAULT '0' COMMENT '状态（0正常 1暂停）',
  `create_by` varchar(64) DEFAULT '' COMMENT '创建者',
  `create_time` datetime DEFAULT NULL COMMENT '创建时间',
  `update_by` varchar(64) DEFAULT '' COMMENT '更新者',
  `update_time` datetime DEFAULT NULL COMMENT '更新时间',
  `remark` varchar(500) DEFAULT '' COMMENT '备注信息',
  PRIMARY KEY (`job_id`,`job_name`,`job_group`)
) ENGINE=InnoDB AUTO_INCREMENT=3 DEFAULT CHARSET=utf8 COMMENT='定时任务调度表';

-- ----------------------------
-- Records of sys_job
-- ----------------------------
INSERT INTO `sys_job` VALUES ('1', 'ryTask', '系统默认（无参）', 'ryNoParams', '', '0/10 * * * * ?', '0', '1', 'admin', '2018-03-16 11:33:00', 'admin', '2019-06-23 10:42:06', '');
INSERT INTO `sys_job` VALUES ('2', 'ryTask', '系统默认（有参）', 'ryParams', 'ry', '0/20 * * * * ?', '3', '1', 'admin', '2018-03-16 11:33:00', 'ry', '2018-03-16 11:33:00', '');

-- ----------------------------
-- Table structure for `sys_job_log`
-- ----------------------------
DROP TABLE IF EXISTS `sys_job_log`;
CREATE TABLE `sys_job_log` (
  `job_log_id` int(11) NOT NULL AUTO_INCREMENT COMMENT '任务日志ID',
  `job_name` varchar(64) NOT NULL COMMENT '任务名称',
  `job_group` varchar(64) NOT NULL COMMENT '任务组名',
  `method_name` varchar(500) DEFAULT NULL COMMENT '任务方法',
  `method_params` varchar(50) DEFAULT NULL COMMENT '方法参数',
  `job_message` varchar(500) DEFAULT NULL COMMENT '日志信息',
  `status` char(1) DEFAULT '0' COMMENT '执行状态（0正常 1失败）',
  `exception_info` varchar(2000) DEFAULT '' COMMENT '异常信息',
  `create_time` datetime DEFAULT NULL COMMENT '创建时间',
  PRIMARY KEY (`job_log_id`)
) ENGINE=InnoDB DEFAULT CHARSET=utf8 COMMENT='定时任务调度日志表';

-- ----------------------------
-- Records of sys_job_log
-- ----------------------------

-- ----------------------------
-- Table structure for `sys_logininfor`
-- ----------------------------
DROP TABLE IF EXISTS `sys_logininfor`;
CREATE TABLE `sys_logininfor` (
  `info_id` int(11) NOT NULL AUTO_INCREMENT COMMENT '访问ID',
  `login_name` varchar(50) DEFAULT '' COMMENT '登录账号',
  `ipaddr` varchar(50) DEFAULT '' COMMENT '登录IP地址',
  `login_location` varchar(255) DEFAULT '' COMMENT '登录地点',
  `browser` varchar(50) DEFAULT '' COMMENT '浏览器类型',
  `os` varchar(50) DEFAULT '' COMMENT '操作系统',
  `status` char(1) DEFAULT '0' COMMENT '登录状态（0成功 1失败）',
  `msg` varchar(255) DEFAULT '' COMMENT '提示消息',
  `login_time` datetime DEFAULT NULL COMMENT '访问时间',
  PRIMARY KEY (`info_id`)
) ENGINE=InnoDB AUTO_INCREMENT=42 DEFAULT CHARSET=utf8 COMMENT='系统访问记录';

-- ----------------------------
-- Records of sys_logininfor
-- ----------------------------
INSERT INTO `sys_logininfor` VALUES ('1', 'admin', '127.0.0.1', '内网IP', 'Chrome', 'Windows 10', '0', '登录成功', '2019-02-18 22:06:00');
INSERT INTO `sys_logininfor` VALUES ('2', 'admin', '127.0.0.1', '内网IP', 'Chrome', 'Windows 10', '0', '退出成功', '2019-02-18 22:17:59');
INSERT INTO `sys_logininfor` VALUES ('3', 'admin', '127.0.0.1', '内网IP', 'Chrome', 'Windows 10', '0', '登录成功', '2019-02-18 22:18:05');
INSERT INTO `sys_logininfor` VALUES ('4', 'admin', '127.0.0.1', '内网IP', 'Chrome', 'Windows 10', '0', '退出成功', '2019-02-18 22:38:35');
INSERT INTO `sys_logininfor` VALUES ('5', 'admin', '127.0.0.1', '内网IP', 'Chrome', 'Windows 10', '0', '登录成功', '2019-02-19 22:14:49');
INSERT INTO `sys_logininfor` VALUES ('6', 'admin', '127.0.0.1', '内网IP', 'Chrome', 'Windows 10', '0', '退出成功', '2019-02-19 23:03:30');
INSERT INTO `sys_logininfor` VALUES ('7', 'admin', '127.0.0.1', '内网IP', 'Chrome', 'Windows 10', '0', '登录成功', '2019-02-19 23:17:10');
INSERT INTO `sys_logininfor` VALUES ('8', 'admin', '127.0.0.1', '内网IP', 'Chrome', 'Windows 10', '1', '验证码错误', '2019-02-20 00:20:07');
INSERT INTO `sys_logininfor` VALUES ('9', 'admin', '127.0.0.1', '内网IP', 'Chrome', 'Windows 10', '0', '登录成功', '2019-02-20 00:20:11');
INSERT INTO `sys_logininfor` VALUES ('10', 'admin', '127.0.0.1', '内网IP', 'Chrome', 'Windows 10', '0', '退出成功', '2019-02-20 00:21:57');
INSERT INTO `sys_logininfor` VALUES ('11', 'admin', '127.0.0.1', '内网IP', 'Chrome', 'Windows 10', '0', '登录成功', '2019-02-20 00:37:31');
INSERT INTO `sys_logininfor` VALUES ('12', 'admin', '127.0.0.1', '内网IP', 'Chrome', 'Windows 10', '1', '验证码错误', '2019-02-20 00:40:22');
INSERT INTO `sys_logininfor` VALUES ('13', 'admin', '127.0.0.1', '内网IP', 'Chrome', 'Windows 10', '1', '验证码错误', '2019-02-20 00:44:21');
INSERT INTO `sys_logininfor` VALUES ('14', 'admin', '127.0.0.1', '内网IP', 'Chrome', 'Windows 10', '1', '验证码错误', '2019-02-20 00:44:23');
INSERT INTO `sys_logininfor` VALUES ('15', 'admin', '127.0.0.1', '内网IP', 'Chrome', 'Windows 10', '1', '验证码错误', '2019-02-20 00:44:28');
INSERT INTO `sys_logininfor` VALUES ('16', 'admin', '127.0.0.1', '内网IP', 'Chrome', 'Windows 10', '0', '登录成功', '2019-02-20 00:50:20');
INSERT INTO `sys_logininfor` VALUES ('17', 'admin', '127.0.0.1', '内网IP', 'Chrome', 'Windows 10', '0', '退出成功', '2019-02-20 01:05:44');
INSERT INTO `sys_logininfor` VALUES ('18', 'admin', '127.0.0.1', '内网IP', 'Chrome', 'Windows 10', '0', '登录成功', '2019-02-20 01:06:05');
INSERT INTO `sys_logininfor` VALUES ('19', 'admin', '127.0.0.1', '内网IP', 'Chrome', 'Windows 10', '0', '退出成功', '2019-02-20 01:10:01');
INSERT INTO `sys_logininfor` VALUES ('20', 'admin', '127.0.0.1', '内网IP', 'Chrome', 'Windows 10', '0', '登录成功', '2019-02-20 01:11:23');
INSERT INTO `sys_logininfor` VALUES ('21', 'admin', '127.0.0.1', '内网IP', 'Chrome', 'Windows 10', '0', '登录成功', '2019-02-21 23:24:00');
INSERT INTO `sys_logininfor` VALUES ('22', 'admin', '127.0.0.1', '内网IP', 'Chrome', 'Windows 10', '0', '登录成功', '2019-02-22 11:08:14');
INSERT INTO `sys_logininfor` VALUES ('23', 'admin', '127.0.0.1', '内网IP', 'Chrome', 'Windows 10', '0', '登录成功', '2019-02-22 11:08:20');
INSERT INTO `sys_logininfor` VALUES ('24', 'admin', '127.0.0.1', '内网IP', 'Chrome', 'Windows 10', '0', '登录成功', '2019-02-22 11:20:06');
INSERT INTO `sys_logininfor` VALUES ('25', 'admin', '127.0.0.1', '内网IP', 'Chrome', 'Windows 10', '0', '登录成功', '2019-02-25 10:54:29');
INSERT INTO `sys_logininfor` VALUES ('26', 'admin', '127.0.0.1', '内网IP', 'Chrome', 'Windows 10', '0', '登录成功', '2019-02-25 14:18:44');
INSERT INTO `sys_logininfor` VALUES ('27', 'admin', '127.0.0.1', '内网IP', 'Chrome', 'Windows 10', '0', '登录成功', '2019-02-25 14:33:20');
INSERT INTO `sys_logininfor` VALUES ('28', 'admin', '127.0.0.1', '内网IP', 'Microsoft Edge', 'Windows 10', '0', '登录成功', '2019-02-25 14:52:20');
INSERT INTO `sys_logininfor` VALUES ('29', 'admin', '127.0.0.1', '内网IP', 'Chrome', 'Windows 10', '0', '登录成功', '2019-03-03 23:27:59');
INSERT INTO `sys_logininfor` VALUES ('30', 'admin', '127.0.0.1', '内网IP', 'Chrome', 'Windows 10', '0', '登录成功', '2019-03-26 23:23:17');
INSERT INTO `sys_logininfor` VALUES ('31', 'admin', '127.0.0.1', '内网IP', 'Chrome', 'Windows 10', '0', '登录成功', '2019-03-27 08:35:13');
INSERT INTO `sys_logininfor` VALUES ('32', 'admin', '127.0.0.1', '内网IP', 'Chrome', 'Windows 8', '0', '登录成功', '2019-10-31 19:43:16');
INSERT INTO `sys_logininfor` VALUES ('33', 'admin', '127.0.0.1', '内网IP', 'Chrome', 'Windows 8', '0', '登录成功', '2019-06-21 16:24:04');
INSERT INTO `sys_logininfor` VALUES ('34', 'admin', '127.0.0.1', '内网IP', 'Chrome', 'Windows 8', '0', '登录成功', '2019-06-15 18:54:24');
INSERT INTO `sys_logininfor` VALUES ('35', 'admin', '127.0.0.1', '内网IP', 'Chrome', 'Windows 8', '0', '登录成功', '2019-06-19 11:16:01');
INSERT INTO `sys_logininfor` VALUES ('36', 'admin', '127.0.0.1', '内网IP', 'Chrome', 'Windows 8', '0', '登录成功', '2019-06-19 11:16:50');
INSERT INTO `sys_logininfor` VALUES ('37', 'admin', '127.0.0.1', '内网IP', 'Chrome', 'Windows 8', '0', '登录成功', '2019-06-23 14:00:55');
INSERT INTO `sys_logininfor` VALUES ('38', 'admin', '127.0.0.1', '内网IP', 'Chrome', 'Windows 8', '0', '登录成功', '2019-06-23 14:53:50');
INSERT INTO `sys_logininfor` VALUES ('39', 'admin', '127.0.0.1', '内网IP', 'Chrome', 'Windows 8', '0', '登录成功', '2019-06-24 21:32:49');
INSERT INTO `sys_logininfor` VALUES ('40', 'admin', '127.0.0.1', '内网IP', 'Chrome', 'Windows 8', '0', '登录成功', '2019-06-24 21:37:51');
INSERT INTO `sys_logininfor` VALUES ('41', 'admin', '127.0.0.1', '内网IP', 'Chrome', 'Windows 8', '0', '登录成功', '2019-06-26 17:35:31');

-- ----------------------------
-- Table structure for `sys_menu`
-- ----------------------------
DROP TABLE IF EXISTS `sys_menu`;
CREATE TABLE `sys_menu` (
  `menu_id` int(11) NOT NULL AUTO_INCREMENT COMMENT '菜单ID',
  `menu_name` varchar(50) NOT NULL COMMENT '菜单名称',
  `parent_id` int(11) DEFAULT '0' COMMENT '父菜单ID',
  `order_num` int(4) DEFAULT '0' COMMENT '显示顺序',
  `url` varchar(200) DEFAULT '#' COMMENT '请求地址',
  `menu_type` char(1) DEFAULT '' COMMENT '菜单类型（M目录 C菜单 F按钮）',
  `visible` char(1) DEFAULT '0' COMMENT '菜单状态（0显示 1隐藏）',
  `perms` varchar(100) DEFAULT NULL COMMENT '权限标识',
  `icon` varchar(100) DEFAULT '#' COMMENT '菜单图标',
  `create_by` varchar(64) DEFAULT '' COMMENT '创建者',
  `create_time` datetime DEFAULT NULL COMMENT '创建时间',
  `update_by` varchar(64) DEFAULT '' COMMENT '更新者',
  `update_time` datetime DEFAULT NULL COMMENT '更新时间',
  `remark` varchar(500) DEFAULT '' COMMENT '备注',
  PRIMARY KEY (`menu_id`)
) ENGINE=InnoDB AUTO_INCREMENT=1100 DEFAULT CHARSET=utf8 COMMENT='菜单权限表';

-- ----------------------------
-- Records of sys_menu
-- ----------------------------
INSERT INTO `sys_menu` VALUES ('1', '系统管理', '0', '6', '#', 'M', '0', '', 'fa fa-gear', 'admin', '2018-03-16 11:33:00', 'admin', '2019-02-19 22:35:19', '系统管理目录');
INSERT INTO `sys_menu` VALUES ('2', '开发管理', '0', '10', '#', 'M', '0', '', 'fa fa-video-camera', 'admin', '2018-03-16 11:33:00', 'admin', '2019-02-19 22:19:34', '系统监控目录');
INSERT INTO `sys_menu` VALUES ('3', '质量管理', '0', '4', '#', 'M', '0', '', 'fa fa-gavel', 'admin', '2018-03-16 11:33:00', 'admin', '2019-02-19 22:40:48', '系统工具目录');
INSERT INTO `sys_menu` VALUES ('100', '用户管理', '1058', '1', '/system/user', 'C', '0', 'system:user:view', '#', 'admin', '2018-03-16 11:33:00', 'admin', '2019-02-19 22:24:05', '用户管理菜单');
INSERT INTO `sys_menu` VALUES ('101', '角色管理', '1058', '2', '/system/role', 'C', '0', 'system:role:view', '#', 'admin', '2018-03-16 11:33:00', 'admin', '2019-02-19 22:24:20', '角色管理菜单');
INSERT INTO `sys_menu` VALUES ('102', '菜单管理', '2', '3', '/system/menu', 'C', '0', 'system:menu:view', '#', 'admin', '2018-03-16 11:33:00', 'admin', '2019-02-19 22:25:16', '菜单管理菜单');
INSERT INTO `sys_menu` VALUES ('103', '部门管理', '1058', '4', '/system/dept', 'C', '0', 'system:dept:view', '#', 'admin', '2018-03-16 11:33:00', 'admin', '2019-03-13 08:37:59', '部门管理菜单');
INSERT INTO `sys_menu` VALUES ('104', '岗位管理', '1058', '5', '/system/post', 'C', '0', 'system:post:view', '#', 'admin', '2018-03-16 11:33:00', 'admin', '2019-02-19 22:25:34', '岗位管理菜单');
INSERT INTO `sys_menu` VALUES ('105', '字典管理', '2', '6', '/system/dict', 'C', '0', 'system:dict:view', '#', 'admin', '2018-03-16 11:33:00', 'admin', '2019-02-19 22:25:52', '字典管理菜单');
INSERT INTO `sys_menu` VALUES ('106', '参数设置', '1', '7', '/system/config', 'C', '0', 'system:config:view', '#', 'admin', '2018-03-16 11:33:00', 'ry', '2018-03-16 11:33:00', '参数设置菜单');
INSERT INTO `sys_menu` VALUES ('108', '日志管理', '2', '9', '#', 'M', '0', '', '#', 'admin', '2018-03-16 11:33:00', 'admin', '2019-02-19 22:33:18', '日志管理菜单');
INSERT INTO `sys_menu` VALUES ('110', '定时任务', '2', '2', '/monitor/job', 'C', '0', 'monitor:job:view', '#', 'admin', '2018-03-16 11:33:00', 'ry', '2018-03-16 11:33:00', '定时任务菜单');
INSERT INTO `sys_menu` VALUES ('111', '数据监控', '2', '3', '/monitor/data', 'C', '0', 'monitor:data:view', '#', 'admin', '2018-03-16 11:33:00', 'ry', '2018-03-16 11:33:00', '数据监控菜单');
INSERT INTO `sys_menu` VALUES ('112', '服务监控', '2', '3', '/monitor/server', 'C', '0', 'monitor:server:view', '#', 'admin', '2018-03-16 11:33:00', 'ry', '2018-03-16 11:33:00', '服务监控菜单');
INSERT INTO `sys_menu` VALUES ('113', '表单构建', '2', '5', '/tool/build', 'C', '0', 'tool:build:view', '#', 'admin', '2018-03-16 11:33:00', 'admin', '2019-02-19 22:22:30', '表单构建菜单');
INSERT INTO `sys_menu` VALUES ('115', 'DICOM接口', '2', '7', '/tool/swagger', 'C', '0', 'tool:swagger:view', '#', 'admin', '2018-03-16 11:33:00', 'admin', '2019-02-26 14:18:54', '系统接口菜单');
INSERT INTO `sys_menu` VALUES ('500', '操作日志', '108', '1', '/monitor/operlog', 'C', '0', 'monitor:operlog:view', '#', 'admin', '2018-03-16 11:33:00', 'ry', '2018-03-16 11:33:00', '操作日志菜单');
INSERT INTO `sys_menu` VALUES ('501', '登录日志', '108', '2', '/monitor/logininfor', 'C', '0', 'monitor:logininfor:view', '#', 'admin', '2018-03-16 11:33:00', 'ry', '2018-03-16 11:33:00', '登录日志菜单');
INSERT INTO `sys_menu` VALUES ('1000', '用户查询', '100', '1', '#', 'F', '0', 'system:user:list', '#', 'admin', '2018-03-16 11:33:00', 'ry', '2018-03-16 11:33:00', '');
INSERT INTO `sys_menu` VALUES ('1001', '用户新增', '100', '2', '#', 'F', '0', 'system:user:add', '#', 'admin', '2018-03-16 11:33:00', 'ry', '2018-03-16 11:33:00', '');
INSERT INTO `sys_menu` VALUES ('1002', '用户修改', '100', '3', '#', 'F', '0', 'system:user:edit', '#', 'admin', '2018-03-16 11:33:00', 'ry', '2018-03-16 11:33:00', '');
INSERT INTO `sys_menu` VALUES ('1003', '用户删除', '100', '4', '#', 'F', '0', 'system:user:remove', '#', 'admin', '2018-03-16 11:33:00', 'ry', '2018-03-16 11:33:00', '');
INSERT INTO `sys_menu` VALUES ('1004', '用户导出', '100', '5', '#', 'F', '0', 'system:user:export', '#', 'admin', '2018-03-16 11:33:00', 'ry', '2018-03-16 11:33:00', '');
INSERT INTO `sys_menu` VALUES ('1005', '用户导入', '100', '6', '#', 'F', '0', 'system:user:import', '#', 'admin', '2018-03-16 11:33:00', 'ry', '2018-03-16 11:33:00', '');
INSERT INTO `sys_menu` VALUES ('1006', '重置密码', '100', '7', '#', 'F', '0', 'system:user:resetPwd', '#', 'admin', '2018-03-16 11:33:00', 'ry', '2018-03-16 11:33:00', '');
INSERT INTO `sys_menu` VALUES ('1007', '角色查询', '101', '1', '#', 'F', '0', 'system:role:list', '#', 'admin', '2018-03-16 11:33:00', 'ry', '2018-03-16 11:33:00', '');
INSERT INTO `sys_menu` VALUES ('1008', '角色新增', '101', '2', '#', 'F', '0', 'system:role:add', '#', 'admin', '2018-03-16 11:33:00', 'ry', '2018-03-16 11:33:00', '');
INSERT INTO `sys_menu` VALUES ('1009', '角色修改', '101', '3', '#', 'F', '0', 'system:role:edit', '#', 'admin', '2018-03-16 11:33:00', 'ry', '2018-03-16 11:33:00', '');
INSERT INTO `sys_menu` VALUES ('1010', '角色删除', '101', '4', '#', 'F', '0', 'system:role:remove', '#', 'admin', '2018-03-16 11:33:00', 'ry', '2018-03-16 11:33:00', '');
INSERT INTO `sys_menu` VALUES ('1011', '角色导出', '101', '5', '#', 'F', '0', 'system:role:export', '#', 'admin', '2018-03-16 11:33:00', 'ry', '2018-03-16 11:33:00', '');
INSERT INTO `sys_menu` VALUES ('1012', '菜单查询', '102', '1', '#', 'F', '0', 'system:menu:list', '#', 'admin', '2018-03-16 11:33:00', 'ry', '2018-03-16 11:33:00', '');
INSERT INTO `sys_menu` VALUES ('1013', '菜单新增', '102', '2', '#', 'F', '0', 'system:menu:add', '#', 'admin', '2018-03-16 11:33:00', 'ry', '2018-03-16 11:33:00', '');
INSERT INTO `sys_menu` VALUES ('1014', '菜单修改', '102', '3', '#', 'F', '0', 'system:menu:edit', '#', 'admin', '2018-03-16 11:33:00', 'ry', '2018-03-16 11:33:00', '');
INSERT INTO `sys_menu` VALUES ('1015', '菜单删除', '102', '4', '#', 'F', '0', 'system:menu:remove', '#', 'admin', '2018-03-16 11:33:00', 'ry', '2018-03-16 11:33:00', '');
INSERT INTO `sys_menu` VALUES ('1016', '治疗室查询', '103', '1', '#', 'F', '0', 'system:dept:list', '#', 'admin', '2018-03-16 11:33:00', 'admin', '2019-02-19 22:26:49', '');
INSERT INTO `sys_menu` VALUES ('1017', '治疗室新增', '103', '2', '#', 'F', '0', 'system:dept:add', '#', 'admin', '2018-03-16 11:33:00', 'admin', '2019-02-19 22:27:16', '');
INSERT INTO `sys_menu` VALUES ('1018', '治疗室修改', '103', '3', '#', 'F', '0', 'system:dept:edit', '#', 'admin', '2018-03-16 11:33:00', 'admin', '2019-02-19 22:27:28', '');
INSERT INTO `sys_menu` VALUES ('1019', '治疗室删除', '103', '4', '#', 'F', '0', 'system:dept:remove', '#', 'admin', '2018-03-16 11:33:00', 'admin', '2019-02-19 22:27:41', '');
INSERT INTO `sys_menu` VALUES ('1020', '岗位查询', '104', '1', '#', 'F', '0', 'system:post:list', '#', 'admin', '2018-03-16 11:33:00', 'ry', '2018-03-16 11:33:00', '');
INSERT INTO `sys_menu` VALUES ('1021', '岗位新增', '104', '2', '#', 'F', '0', 'system:post:add', '#', 'admin', '2018-03-16 11:33:00', 'ry', '2018-03-16 11:33:00', '');
INSERT INTO `sys_menu` VALUES ('1022', '岗位修改', '104', '3', '#', 'F', '0', 'system:post:edit', '#', 'admin', '2018-03-16 11:33:00', 'ry', '2018-03-16 11:33:00', '');
INSERT INTO `sys_menu` VALUES ('1023', '岗位删除', '104', '4', '#', 'F', '0', 'system:post:remove', '#', 'admin', '2018-03-16 11:33:00', 'ry', '2018-03-16 11:33:00', '');
INSERT INTO `sys_menu` VALUES ('1024', '岗位导出', '104', '5', '#', 'F', '0', 'system:post:export', '#', 'admin', '2018-03-16 11:33:00', 'ry', '2018-03-16 11:33:00', '');
INSERT INTO `sys_menu` VALUES ('1025', '字典查询', '105', '1', '#', 'F', '0', 'system:dict:list', '#', 'admin', '2018-03-16 11:33:00', 'ry', '2018-03-16 11:33:00', '');
INSERT INTO `sys_menu` VALUES ('1026', '字典新增', '105', '2', '#', 'F', '0', 'system:dict:add', '#', 'admin', '2018-03-16 11:33:00', 'ry', '2018-03-16 11:33:00', '');
INSERT INTO `sys_menu` VALUES ('1027', '字典修改', '105', '3', '#', 'F', '0', 'system:dict:edit', '#', 'admin', '2018-03-16 11:33:00', 'ry', '2018-03-16 11:33:00', '');
INSERT INTO `sys_menu` VALUES ('1028', '字典删除', '105', '4', '#', 'F', '0', 'system:dict:remove', '#', 'admin', '2018-03-16 11:33:00', 'ry', '2018-03-16 11:33:00', '');
INSERT INTO `sys_menu` VALUES ('1029', '字典导出', '105', '5', '#', 'F', '0', 'system:dict:export', '#', 'admin', '2018-03-16 11:33:00', 'ry', '2018-03-16 11:33:00', '');
INSERT INTO `sys_menu` VALUES ('1030', '参数查询', '106', '1', '#', 'F', '0', 'system:config:list', '#', 'admin', '2018-03-16 11:33:00', 'ry', '2018-03-16 11:33:00', '');
INSERT INTO `sys_menu` VALUES ('1031', '参数新增', '106', '2', '#', 'F', '0', 'system:config:add', '#', 'admin', '2018-03-16 11:33:00', 'ry', '2018-03-16 11:33:00', '');
INSERT INTO `sys_menu` VALUES ('1032', '参数修改', '106', '3', '#', 'F', '0', 'system:config:edit', '#', 'admin', '2018-03-16 11:33:00', 'ry', '2018-03-16 11:33:00', '');
INSERT INTO `sys_menu` VALUES ('1033', '参数删除', '106', '4', '#', 'F', '0', 'system:config:remove', '#', 'admin', '2018-03-16 11:33:00', 'ry', '2018-03-16 11:33:00', '');
INSERT INTO `sys_menu` VALUES ('1034', '参数导出', '106', '5', '#', 'F', '0', 'system:config:export', '#', 'admin', '2018-03-16 11:33:00', 'ry', '2018-03-16 11:33:00', '');
INSERT INTO `sys_menu` VALUES ('1039', '操作查询', '500', '1', '#', 'F', '0', 'monitor:operlog:list', '#', 'admin', '2018-03-16 11:33:00', 'ry', '2018-03-16 11:33:00', '');
INSERT INTO `sys_menu` VALUES ('1040', '操作删除', '500', '2', '#', 'F', '0', 'monitor:operlog:remove', '#', 'admin', '2018-03-16 11:33:00', 'ry', '2018-03-16 11:33:00', '');
INSERT INTO `sys_menu` VALUES ('1041', '详细信息', '500', '3', '#', 'F', '0', 'monitor:operlog:detail', '#', 'admin', '2018-03-16 11:33:00', 'ry', '2018-03-16 11:33:00', '');
INSERT INTO `sys_menu` VALUES ('1042', '日志导出', '500', '4', '#', 'F', '0', 'monitor:operlog:export', '#', 'admin', '2018-03-16 11:33:00', 'ry', '2018-03-16 11:33:00', '');
INSERT INTO `sys_menu` VALUES ('1043', '登录查询', '501', '1', '#', 'F', '0', 'monitor:logininfor:list', '#', 'admin', '2018-03-16 11:33:00', 'ry', '2018-03-16 11:33:00', '');
INSERT INTO `sys_menu` VALUES ('1044', '登录删除', '501', '2', '#', 'F', '0', 'monitor:logininfor:remove', '#', 'admin', '2018-03-16 11:33:00', 'ry', '2018-03-16 11:33:00', '');
INSERT INTO `sys_menu` VALUES ('1045', '日志导出', '501', '3', '#', 'F', '0', 'monitor:logininfor:export', '#', 'admin', '2018-03-16 11:33:00', 'ry', '2018-03-16 11:33:00', '');
INSERT INTO `sys_menu` VALUES ('1049', '任务查询', '110', '1', '#', 'F', '0', 'monitor:job:list', '#', 'admin', '2018-03-16 11:33:00', 'ry', '2018-03-16 11:33:00', '');
INSERT INTO `sys_menu` VALUES ('1050', '任务新增', '110', '2', '#', 'F', '0', 'monitor:job:add', '#', 'admin', '2018-03-16 11:33:00', 'ry', '2018-03-16 11:33:00', '');
INSERT INTO `sys_menu` VALUES ('1051', '任务修改', '110', '3', '#', 'F', '0', 'monitor:job:edit', '#', 'admin', '2018-03-16 11:33:00', 'ry', '2018-03-16 11:33:00', '');
INSERT INTO `sys_menu` VALUES ('1052', '任务删除', '110', '4', '#', 'F', '0', 'monitor:job:remove', '#', 'admin', '2018-03-16 11:33:00', 'ry', '2018-03-16 11:33:00', '');
INSERT INTO `sys_menu` VALUES ('1053', '状态修改', '110', '5', '#', 'F', '0', 'monitor:job:changeStatus', '#', 'admin', '2018-03-16 11:33:00', 'ry', '2018-03-16 11:33:00', '');
INSERT INTO `sys_menu` VALUES ('1054', '任务详细', '110', '6', '#', 'F', '0', 'monitor:job:detail', '#', 'admin', '2018-03-16 11:33:00', 'ry', '2018-03-16 11:33:00', '');
INSERT INTO `sys_menu` VALUES ('1055', '任务导出', '110', '7', '#', 'F', '0', 'monitor:job:export', '#', 'admin', '2018-03-16 11:33:00', 'ry', '2018-03-16 11:33:00', '');
INSERT INTO `sys_menu` VALUES ('1058', '安全管理', '0', '8', '#', 'M', '0', '', 'fa fa-balance-scale', 'admin', '2019-02-19 22:17:47', 'admin', '2019-02-19 22:34:57', '');
INSERT INTO `sys_menu` VALUES ('1059', '治疗管理', '0', '1', '#', 'M', '0', null, 'fa fa-briefcase', 'admin', '2019-02-19 22:39:47', '', null, '');
INSERT INTO `sys_menu` VALUES ('1060', '分配治疗室', '1059', '1', '/ciTreat/ciTtask', 'C', '0', 'ciTreat:ciTtask:view', '#', 'admin', '2019-02-20 01:28:35', 'admin', '2019-03-14 14:52:34', '');
INSERT INTO `sys_menu` VALUES ('1061', '治疗监控', '1059', '6', '/monitor/treat', 'C', '0', 'monitor:treat:view', '#', 'admin', '2019-02-20 01:29:26', 'admin', '2019-03-16 23:34:52', '');
INSERT INTO `sys_menu` VALUES ('1062', '统计分析', '0', '5', '#', 'M', '0', '', 'fa fa-bar-chart', 'admin', '2019-02-20 01:31:40', 'admin', '2019-03-13 17:14:24', '');
INSERT INTO `sys_menu` VALUES ('1063', '设备管理', '1', '2', '/dev/devManage', 'C', '0', '', '#', 'admin', '2019-02-20 01:32:20', 'admin', '2019-04-29 09:58:40', '');
INSERT INTO `sys_menu` VALUES ('1066', '治疗详情', '1060', '2', '#', 'F', '0', 'ciTreat:ciTtask:detail', '#', 'admin', '2019-03-04 15:50:58', 'admin', '2019-03-04 15:58:12', '');
INSERT INTO `sys_menu` VALUES ('1068', '流程管理', '0', '7', '#', 'M', '0', null, 'fa fa-sort-amount-asc', 'admin', '2019-03-13 10:36:04', '', null, '');
INSERT INTO `sys_menu` VALUES ('1070', '服务配置', '1068', '4', '/work/worktask', 'C', '0', 'work.worktask.view', '#', 'admin', '2019-03-13 10:46:47', 'admin', '2019-03-15 09:31:36', '');
INSERT INTO `sys_menu` VALUES ('1071', '作业配置', '1068', '5', '/work/workjob', 'C', '0', 'work:workjob:view', '#', 'admin', '2019-03-13 15:39:37', 'admin', '2019-03-15 09:31:44', '');
INSERT INTO `sys_menu` VALUES ('1072', '路由配置', '1068', '3', '/work/workrouter', 'C', '0', 'work:workroute:view', '#', 'admin', '2019-03-13 15:41:14', 'admin', '2019-03-22 17:03:40', '');
INSERT INTO `sys_menu` VALUES ('1073', '检查项管理', '3', '10', '/quality/checkManager', 'C', '0', '', '#', 'admin', '2019-03-13 17:10:56', 'admin', '2019-05-23 17:23:52', '');
INSERT INTO `sys_menu` VALUES ('1074', '表单管理', '3', '11', '#', 'C', '0', null, '#', 'admin', '2019-03-13 17:11:38', '', null, '');
INSERT INTO `sys_menu` VALUES ('1075', '每日检查', '3', '1', 'quality/dailyCheck', 'C', '0', '', '#', 'admin', '2019-03-13 17:13:04', 'admin', '2019-06-26 17:55:47', '');
INSERT INTO `sys_menu` VALUES ('1076', '剂量统计', '1062', '1', '/doseReports/doseReport', 'C', '0', '', '#', 'admin', '2019-03-13 17:17:12', 'admin', '2019-04-22 16:22:11', '');
INSERT INTO `sys_menu` VALUES ('1081', '工前管理', '0', '2', '#', 'M', '0', '', 'fa fa-user-plus', 'admin', '2019-03-14 11:12:59', 'admin', '2019-03-14 11:15:17', '');
INSERT INTO `sys_menu` VALUES ('1082', '设备标定', '1081', '1', '/prework/device', 'C', '0', '', '#', 'admin', '2019-03-14 11:13:12', 'admin', '2019-04-29 11:33:48', '');
INSERT INTO `sys_menu` VALUES ('1083', '束流标定', '1081', '2', '/prework/beam', 'C', '0', '', '#', 'admin', '2019-03-14 11:13:27', 'admin', '2019-04-10 15:24:23', '');
INSERT INTO `sys_menu` VALUES ('1084', '治疗测试', '1081', '3', '#', 'C', '0', null, '#', 'admin', '2019-03-14 11:13:46', '', null, '');
INSERT INTO `sys_menu` VALUES ('1086', '流水查询', '1068', '2', '/work/worktaskjnl', 'C', '0', 'work.worktaskjnl:view', '#', 'admin', '2019-03-15 09:31:10', 'admin', '2019-03-22 16:32:01', '');
INSERT INTO `sys_menu` VALUES ('1087', '详情AAA', '1086', '1', '#', 'F', '0', 'work.worktaskjnl:list', '#', 'admin', '2019-03-15 11:23:25', '', null, '');
INSERT INTO `sys_menu` VALUES ('1089', '患者管理', '0', '3', '#', 'M', '0', null, 'fa fa-vcard-o', 'admin', '2019-03-15 16:19:07', '', null, '');
INSERT INTO `sys_menu` VALUES ('1090', '治疗报告', '1059', '9', '#', 'C', '0', '', '#', 'admin', '2019-03-16 19:12:22', 'admin', '2019-03-24 23:51:03', '');
INSERT INTO `sys_menu` VALUES ('1091', '患者治疗', '1059', '1', '/patient/patientJnl', 'C', '0', '', '#', 'admin', '2019-03-16 19:18:09', 'admin', '2019-04-02 14:55:17', '');
INSERT INTO `sys_menu` VALUES ('1092', '治疗室管理', '1', '1', '/dev/devRoom', 'C', '0', '', '#', 'admin', '2019-03-23 10:41:17', 'admin', '2019-03-23 10:43:38', '');
INSERT INTO `sys_menu` VALUES ('1093', '设备统计', '1062', '6', '/doseReports/doseReport', 'C', '0', '', '#', 'admin', '2019-03-24 15:53:27', 'admin', '2019-04-22 16:22:47', '');
INSERT INTO `sys_menu` VALUES ('1094', '设备类型', '1', '6', '#', 'C', '0', '', '#', 'admin', '2019-03-24 19:54:14', 'admin', '2019-03-24 19:55:40', '');
INSERT INTO `sys_menu` VALUES ('1095', '设备监控', '1059', '8', '#', 'C', '0', null, '#', 'admin', '2019-03-24 23:41:17', '', null, '');
INSERT INTO `sys_menu` VALUES ('1096', '治疗室监控', '1059', '7', '#', 'C', '0', null, '#', 'admin', '2019-03-24 23:42:03', '', null, '');
INSERT INTO `sys_menu` VALUES ('1097', '治疗室统计', '1062', '5', '/doseReports/doseReport', 'C', '0', '', '#', 'admin', '2019-03-24 23:49:02', 'admin', '2019-04-22 16:22:41', '');
INSERT INTO `sys_menu` VALUES ('1098', '患者统计', '1062', '3', '/doseReports/doseReport', 'C', '0', '', '#', 'admin', '2019-03-24 23:50:25', 'admin', '2019-04-22 16:22:34', '');
INSERT INTO `sys_menu` VALUES ('1099', '设备维保', '3', '12', '#', 'C', '0', '', '#', 'admin', '2019-03-24 23:52:45', 'admin', '2019-03-24 23:53:05', '');

-- ----------------------------
-- Table structure for `sys_notice`
-- ----------------------------
DROP TABLE IF EXISTS `sys_notice`;
CREATE TABLE `sys_notice` (
  `notice_id` int(4) NOT NULL AUTO_INCREMENT COMMENT '公告ID',
  `notice_title` varchar(50) NOT NULL COMMENT '公告标题',
  `notice_type` char(1) NOT NULL COMMENT '公告类型（1通知 2公告）',
  `notice_content` varchar(2000) DEFAULT NULL COMMENT '公告内容',
  `status` char(1) DEFAULT '0' COMMENT '公告状态（0正常 1关闭）',
  `create_by` varchar(64) DEFAULT '' COMMENT '创建者',
  `create_time` datetime DEFAULT NULL COMMENT '创建时间',
  `update_by` varchar(64) DEFAULT '' COMMENT '更新者',
  `update_time` datetime DEFAULT NULL COMMENT '更新时间',
  `remark` varchar(255) DEFAULT NULL COMMENT '备注',
  PRIMARY KEY (`notice_id`)
) ENGINE=InnoDB DEFAULT CHARSET=utf8 COMMENT='通知公告表';

-- ----------------------------
-- Records of sys_notice
-- ----------------------------

-- ----------------------------
-- Table structure for `sys_oper_log`
-- ----------------------------
DROP TABLE IF EXISTS `sys_oper_log`;
CREATE TABLE `sys_oper_log` (
  `oper_id` int(11) NOT NULL AUTO_INCREMENT COMMENT '日志主键',
  `title` varchar(50) DEFAULT '' COMMENT '模块标题',
  `business_type` int(2) DEFAULT '0' COMMENT '业务类型（0其它 1新增 2修改 3删除）',
  `method` varchar(100) DEFAULT '' COMMENT '方法名称',
  `operator_type` int(1) DEFAULT '0' COMMENT '操作类别（0其它 1后台用户 2手机端用户）',
  `oper_name` varchar(50) DEFAULT '' COMMENT '操作人员',
  `dept_name` varchar(50) DEFAULT '' COMMENT '部门名称',
  `oper_url` varchar(255) DEFAULT '' COMMENT '请求URL',
  `oper_ip` varchar(50) DEFAULT '' COMMENT '主机地址',
  `oper_location` varchar(255) DEFAULT '' COMMENT '操作地点',
  `oper_param` varchar(255) DEFAULT '' COMMENT '请求参数',
  `status` int(1) DEFAULT '0' COMMENT '操作状态（0正常 1异常）',
  `error_msg` varchar(2000) DEFAULT '' COMMENT '错误消息',
  `oper_time` datetime DEFAULT NULL COMMENT '操作时间',
  PRIMARY KEY (`oper_id`)
) ENGINE=InnoDB AUTO_INCREMENT=84 DEFAULT CHARSET=utf8 COMMENT='操作日志记录';

-- ----------------------------
-- Records of sys_oper_log
-- ----------------------------
INSERT INTO `sys_oper_log` VALUES ('1', '个人信息', '2', 'com.ruoyi.web.controller.system.SysProfileController.update()', '1', 'admin', '研发部门', '/system/user/profile/update', '127.0.0.1', '内网IP', '{\r\n  \"userId\" : [ \"1\" ],\r\n  \"loginName\" : [ \"admin\" ],\r\n  \"dept.deptName\" : [ \"研发部门\" ],\r\n  \"userName\" : [ \"郑金马\" ],\r\n  \"email\" : [ \"zhengjinma@hotmail.com\" ],\r\n  \"phonenumber\" : [ \"13411375380\" ],\r\n  \"sex\" : [ \"0\" ]\r\n}', '0', null, '2019-02-18 22:16:13');
INSERT INTO `sys_oper_log` VALUES ('2', '个人信息', '2', 'com.ruoyi.web.controller.system.SysProfileController.updateAvatar()', '1', 'admin', '研发部门', '/system/user/profile/updateAvatar', '127.0.0.1', '内网IP', '{ }', '0', null, '2019-02-18 22:17:26');
INSERT INTO `sys_oper_log` VALUES ('3', '用户管理', '2', 'com.ruoyi.web.controller.system.SysUserController.editSave()', '1', 'admin', '研发部门', '/system/user/edit', '127.0.0.1', '内网IP', '{\r\n  \"userId\" : [ \"2\" ],\r\n  \"deptId\" : [ \"105\" ],\r\n  \"userName\" : [ \"郑朵朵\" ],\r\n  \"email\" : [ \"zhengjinma2@hotmail.com\" ],\r\n  \"phonenumber\" : [ \"18666666666\" ],\r\n  \"sex\" : [ \"1\" ],\r\n  \"status\" : [ \"0\" ],\r\n  \"roleIds\" : [ \"2\" ],\r\n  \"postIds\" : [ \"\" ]\r\n}', '0', null, '2019-02-18 22:29:26');
INSERT INTO `sys_oper_log` VALUES ('4', '菜单管理', '2', 'com.ruoyi.web.controller.system.SysMenuController.editSave()', '1', 'admin', '研发部门', '/system/menu/edit', '127.0.0.1', '内网IP', '{\r\n  \"menuId\" : [ \"103\" ],\r\n  \"parentId\" : [ \"1\" ],\r\n  \"menuType\" : [ \"C\" ],\r\n  \"menuName\" : [ \"治疗室管理\" ],\r\n  \"url\" : [ \"/system/dept\" ],\r\n  \"perms\" : [ \"system:dept:view\" ],\r\n  \"orderNum\" : [ \"4\" ],\r\n  \"icon\" : [ \"#\" ],\r\n  \"visible\" : [ \"0\" ]\r\n}', '0', null, '2019-02-18 22:30:26');
INSERT INTO `sys_oper_log` VALUES ('5', '部门管理', '3', 'com.ruoyi.web.controller.system.SysDeptController.remove()', '1', 'admin', '研发部门', '/system/dept/remove/102', '127.0.0.1', '内网IP', '{ }', '0', null, '2019-02-18 22:31:59');
INSERT INTO `sys_oper_log` VALUES ('6', '部门管理', '3', 'com.ruoyi.web.controller.system.SysDeptController.remove()', '1', 'admin', '研发部门', '/system/dept/remove/109', '127.0.0.1', '内网IP', '{ }', '0', null, '2019-02-18 22:32:08');
INSERT INTO `sys_oper_log` VALUES ('7', '部门管理', '3', 'com.ruoyi.web.controller.system.SysDeptController.remove()', '1', 'admin', '研发部门', '/system/dept/remove/108', '127.0.0.1', '内网IP', '{ }', '0', null, '2019-02-18 22:32:10');
INSERT INTO `sys_oper_log` VALUES ('8', '部门管理', '3', 'com.ruoyi.web.controller.system.SysDeptController.remove()', '1', 'admin', '研发部门', '/system/dept/remove/102', '127.0.0.1', '内网IP', '{ }', '0', null, '2019-02-18 22:32:14');
INSERT INTO `sys_oper_log` VALUES ('9', '菜单管理', '1', 'com.ruoyi.web.controller.system.SysMenuController.addSave()', '1', 'admin', '研发部门', '/system/menu/add', '127.0.0.1', '内网IP', '{\r\n  \"parentId\" : [ \"0\" ],\r\n  \"menuType\" : [ \"M\" ],\r\n  \"menuName\" : [ \"安全管理\" ],\r\n  \"url\" : [ \"\" ],\r\n  \"perms\" : [ \"\" ],\r\n  \"orderNum\" : [ \"4\" ],\r\n  \"icon\" : [ \"fa fa-balance-scale\" ],\r\n  \"visible\" : [ \"0\" ]\r\n}', '0', null, '2019-02-19 22:17:47');
INSERT INTO `sys_oper_log` VALUES ('10', '菜单管理', '2', 'com.ruoyi.web.controller.system.SysMenuController.editSave()', '1', 'admin', '研发部门', '/system/menu/edit', '127.0.0.1', '内网IP', '{\r\n  \"menuId\" : [ \"2\" ],\r\n  \"parentId\" : [ \"0\" ],\r\n  \"menuType\" : [ \"M\" ],\r\n  \"menuName\" : [ \"开发管理\" ],\r\n  \"url\" : [ \"#\" ],\r\n  \"perms\" : [ \"\" ],\r\n  \"orderNum\" : [ \"10\" ],\r\n  \"icon\" : [ \"fa fa-video-camera\" ],\r\n  \"visible\" : [ \"0\" ]\r\n}', '0', null, '2019-02-19 22:19:34');
INSERT INTO `sys_oper_log` VALUES ('11', '菜单管理', '2', 'com.ruoyi.web.controller.system.SysMenuController.editSave()', '1', 'admin', '研发部门', '/system/menu/edit', '127.0.0.1', '内网IP', '{\r\n  \"menuId\" : [ \"113\" ],\r\n  \"parentId\" : [ \"2\" ],\r\n  \"menuType\" : [ \"C\" ],\r\n  \"menuName\" : [ \"表单构建\" ],\r\n  \"url\" : [ \"/tool/build\" ],\r\n  \"perms\" : [ \"tool:build:view\" ],\r\n  \"orderNum\" : [ \"5\" ],\r\n  \"icon\" : [ \"#\" ],\r\n  \"visible\" : [ \"0\" ]\r\n}', '0', null, '2019-02-19 22:22:30');
INSERT INTO `sys_oper_log` VALUES ('12', '菜单管理', '2', 'com.ruoyi.web.controller.system.SysMenuController.editSave()', '1', 'admin', '研发部门', '/system/menu/edit', '127.0.0.1', '内网IP', '{\r\n  \"menuId\" : [ \"114\" ],\r\n  \"parentId\" : [ \"3\" ],\r\n  \"menuType\" : [ \"C\" ],\r\n  \"menuName\" : [ \"代码生成\" ],\r\n  \"url\" : [ \"/tool/gen\" ],\r\n  \"perms\" : [ \"tool:gen:view\" ],\r\n  \"orderNum\" : [ \"6\" ],\r\n  \"icon\" : [ \"#\" ],\r\n  \"visible\" : [ \"0\" ]\r\n}', '0', null, '2019-02-19 22:22:45');
INSERT INTO `sys_oper_log` VALUES ('13', '菜单管理', '2', 'com.ruoyi.web.controller.system.SysMenuController.editSave()', '1', 'admin', '研发部门', '/system/menu/edit', '127.0.0.1', '内网IP', '{\r\n  \"menuId\" : [ \"115\" ],\r\n  \"parentId\" : [ \"2\" ],\r\n  \"menuType\" : [ \"C\" ],\r\n  \"menuName\" : [ \"系统接口\" ],\r\n  \"url\" : [ \"/tool/swagger\" ],\r\n  \"perms\" : [ \"tool:swagger:view\" ],\r\n  \"orderNum\" : [ \"7\" ],\r\n  \"icon\" : [ \"#\" ],\r\n  \"visible\" : [ \"0\" ]\r\n}', '0', null, '2019-02-19 22:23:07');
INSERT INTO `sys_oper_log` VALUES ('14', '菜单管理', '2', 'com.ruoyi.web.controller.system.SysMenuController.editSave()', '1', 'admin', '研发部门', '/system/menu/edit', '127.0.0.1', '内网IP', '{\r\n  \"menuId\" : [ \"114\" ],\r\n  \"parentId\" : [ \"2\" ],\r\n  \"menuType\" : [ \"C\" ],\r\n  \"menuName\" : [ \"代码生成\" ],\r\n  \"url\" : [ \"/tool/gen\" ],\r\n  \"perms\" : [ \"tool:gen:view\" ],\r\n  \"orderNum\" : [ \"6\" ],\r\n  \"icon\" : [ \"#\" ],\r\n  \"visible\" : [ \"0\" ]\r\n}', '0', null, '2019-02-19 22:23:18');
INSERT INTO `sys_oper_log` VALUES ('15', '菜单管理', '2', 'com.ruoyi.web.controller.system.SysMenuController.editSave()', '1', 'admin', '研发部门', '/system/menu/edit', '127.0.0.1', '内网IP', '{\r\n  \"menuId\" : [ \"100\" ],\r\n  \"parentId\" : [ \"1058\" ],\r\n  \"menuType\" : [ \"C\" ],\r\n  \"menuName\" : [ \"用户管理\" ],\r\n  \"url\" : [ \"/system/user\" ],\r\n  \"perms\" : [ \"system:user:view\" ],\r\n  \"orderNum\" : [ \"1\" ],\r\n  \"icon\" : [ \"#\" ],\r\n  \"visible\" : [ \"0\" ]\r\n}', '0', null, '2019-02-19 22:24:05');
INSERT INTO `sys_oper_log` VALUES ('16', '菜单管理', '2', 'com.ruoyi.web.controller.system.SysMenuController.editSave()', '1', 'admin', '研发部门', '/system/menu/edit', '127.0.0.1', '内网IP', '{\r\n  \"menuId\" : [ \"101\" ],\r\n  \"parentId\" : [ \"1058\" ],\r\n  \"menuType\" : [ \"C\" ],\r\n  \"menuName\" : [ \"角色管理\" ],\r\n  \"url\" : [ \"/system/role\" ],\r\n  \"perms\" : [ \"system:role:view\" ],\r\n  \"orderNum\" : [ \"2\" ],\r\n  \"icon\" : [ \"#\" ],\r\n  \"visible\" : [ \"0\" ]\r\n}', '0', null, '2019-02-19 22:24:20');
INSERT INTO `sys_oper_log` VALUES ('17', '菜单管理', '2', 'com.ruoyi.web.controller.system.SysMenuController.editSave()', '1', 'admin', '研发部门', '/system/menu/edit', '127.0.0.1', '内网IP', '{\r\n  \"menuId\" : [ \"102\" ],\r\n  \"parentId\" : [ \"2\" ],\r\n  \"menuType\" : [ \"C\" ],\r\n  \"menuName\" : [ \"菜单管理\" ],\r\n  \"url\" : [ \"/system/menu\" ],\r\n  \"perms\" : [ \"system:menu:view\" ],\r\n  \"orderNum\" : [ \"3\" ],\r\n  \"icon\" : [ \"#\" ],\r\n  \"visible\" : [ \"0\" ]\r\n}', '0', null, '2019-02-19 22:25:17');
INSERT INTO `sys_oper_log` VALUES ('18', '菜单管理', '2', 'com.ruoyi.web.controller.system.SysMenuController.editSave()', '1', 'admin', '研发部门', '/system/menu/edit', '127.0.0.1', '内网IP', '{\r\n  \"menuId\" : [ \"104\" ],\r\n  \"parentId\" : [ \"1058\" ],\r\n  \"menuType\" : [ \"C\" ],\r\n  \"menuName\" : [ \"岗位管理\" ],\r\n  \"url\" : [ \"/system/post\" ],\r\n  \"perms\" : [ \"system:post:view\" ],\r\n  \"orderNum\" : [ \"5\" ],\r\n  \"icon\" : [ \"#\" ],\r\n  \"visible\" : [ \"0\" ]\r\n}', '0', null, '2019-02-19 22:25:34');
INSERT INTO `sys_oper_log` VALUES ('19', '菜单管理', '2', 'com.ruoyi.web.controller.system.SysMenuController.editSave()', '1', 'admin', '研发部门', '/system/menu/edit', '127.0.0.1', '内网IP', '{\r\n  \"menuId\" : [ \"105\" ],\r\n  \"parentId\" : [ \"2\" ],\r\n  \"menuType\" : [ \"C\" ],\r\n  \"menuName\" : [ \"字典管理\" ],\r\n  \"url\" : [ \"/system/dict\" ],\r\n  \"perms\" : [ \"system:dict:view\" ],\r\n  \"orderNum\" : [ \"6\" ],\r\n  \"icon\" : [ \"#\" ],\r\n  \"visible\" : [ \"0\" ]\r\n}', '0', null, '2019-02-19 22:25:52');
INSERT INTO `sys_oper_log` VALUES ('20', '菜单管理', '2', 'com.ruoyi.web.controller.system.SysMenuController.editSave()', '1', 'admin', '研发部门', '/system/menu/edit', '127.0.0.1', '内网IP', '{\r\n  \"menuId\" : [ \"103\" ],\r\n  \"parentId\" : [ \"1058\" ],\r\n  \"menuType\" : [ \"C\" ],\r\n  \"menuName\" : [ \"治疗室管理\" ],\r\n  \"url\" : [ \"/system/dept\" ],\r\n  \"perms\" : [ \"system:dept:view\" ],\r\n  \"orderNum\" : [ \"4\" ],\r\n  \"icon\" : [ \"#\" ],\r\n  \"visible\" : [ \"0\" ]\r\n}', '0', null, '2019-02-19 22:26:06');
INSERT INTO `sys_oper_log` VALUES ('21', '菜单管理', '2', 'com.ruoyi.web.controller.system.SysMenuController.editSave()', '1', 'admin', '研发部门', '/system/menu/edit', '127.0.0.1', '内网IP', '{\r\n  \"menuId\" : [ \"1016\" ],\r\n  \"parentId\" : [ \"103\" ],\r\n  \"menuType\" : [ \"F\" ],\r\n  \"menuName\" : [ \"治疗室查询\" ],\r\n  \"url\" : [ \"#\" ],\r\n  \"perms\" : [ \"system:dept:list\" ],\r\n  \"orderNum\" : [ \"1\" ],\r\n  \"icon\" : [ \"#\" ],\r\n  \"visible\" : [ \"0\" ]\r\n}', '0', null, '2019-02-19 22:26:49');
INSERT INTO `sys_oper_log` VALUES ('22', '菜单管理', '2', 'com.ruoyi.web.controller.system.SysMenuController.editSave()', '1', 'admin', '研发部门', '/system/menu/edit', '127.0.0.1', '内网IP', '{\r\n  \"menuId\" : [ \"1017\" ],\r\n  \"parentId\" : [ \"103\" ],\r\n  \"menuType\" : [ \"F\" ],\r\n  \"menuName\" : [ \"治疗室新增\" ],\r\n  \"url\" : [ \"#\" ],\r\n  \"perms\" : [ \"system:dept:add\" ],\r\n  \"orderNum\" : [ \"2\" ],\r\n  \"icon\" : [ \"#\" ],\r\n  \"visible\" : [ \"0\" ]\r\n}', '0', null, '2019-02-19 22:27:16');
INSERT INTO `sys_oper_log` VALUES ('23', '菜单管理', '2', 'com.ruoyi.web.controller.system.SysMenuController.editSave()', '1', 'admin', '研发部门', '/system/menu/edit', '127.0.0.1', '内网IP', '{\r\n  \"menuId\" : [ \"1018\" ],\r\n  \"parentId\" : [ \"103\" ],\r\n  \"menuType\" : [ \"F\" ],\r\n  \"menuName\" : [ \"治疗室修改\" ],\r\n  \"url\" : [ \"#\" ],\r\n  \"perms\" : [ \"system:dept:edit\" ],\r\n  \"orderNum\" : [ \"3\" ],\r\n  \"icon\" : [ \"#\" ],\r\n  \"visible\" : [ \"0\" ]\r\n}', '0', null, '2019-02-19 22:27:28');
INSERT INTO `sys_oper_log` VALUES ('24', '菜单管理', '2', 'com.ruoyi.web.controller.system.SysMenuController.editSave()', '1', 'admin', '研发部门', '/system/menu/edit', '127.0.0.1', '内网IP', '{\r\n  \"menuId\" : [ \"1019\" ],\r\n  \"parentId\" : [ \"103\" ],\r\n  \"menuType\" : [ \"F\" ],\r\n  \"menuName\" : [ \"治疗室删除\" ],\r\n  \"url\" : [ \"#\" ],\r\n  \"perms\" : [ \"system:dept:remove\" ],\r\n  \"orderNum\" : [ \"4\" ],\r\n  \"icon\" : [ \"#\" ],\r\n  \"visible\" : [ \"0\" ]\r\n}', '0', null, '2019-02-19 22:27:41');
INSERT INTO `sys_oper_log` VALUES ('25', '通知公告', '3', 'com.ruoyi.web.controller.system.SysNoticeController.remove()', '1', 'admin', '研发部门', '/system/notice/remove', '127.0.0.1', '内网IP', '{\r\n  \"ids\" : [ \"1\" ]\r\n}', '0', null, '2019-02-19 22:30:31');
INSERT INTO `sys_oper_log` VALUES ('26', '通知公告', '3', 'com.ruoyi.web.controller.system.SysNoticeController.remove()', '1', 'admin', '研发部门', '/system/notice/remove', '127.0.0.1', '内网IP', '{\r\n  \"ids\" : [ \"2\" ]\r\n}', '0', null, '2019-02-19 22:30:38');
INSERT INTO `sys_oper_log` VALUES ('27', '菜单管理', '2', 'com.ruoyi.web.controller.system.SysMenuController.editSave()', '1', 'admin', '研发部门', '/system/menu/edit', '127.0.0.1', '内网IP', '{\r\n  \"menuId\" : [ \"107\" ],\r\n  \"parentId\" : [ \"2\" ],\r\n  \"menuType\" : [ \"C\" ],\r\n  \"menuName\" : [ \"通知公告\" ],\r\n  \"url\" : [ \"/system/notice\" ],\r\n  \"perms\" : [ \"system:notice:view\" ],\r\n  \"orderNum\" : [ \"8\" ],\r\n  \"icon\" : [ \"#\" ],\r\n  \"visible\" : [ \"0\" ]\r\n}', '0', null, '2019-02-19 22:33:02');
INSERT INTO `sys_oper_log` VALUES ('28', '菜单管理', '2', 'com.ruoyi.web.controller.system.SysMenuController.editSave()', '1', 'admin', '研发部门', '/system/menu/edit', '127.0.0.1', '内网IP', '{\r\n  \"menuId\" : [ \"108\" ],\r\n  \"parentId\" : [ \"2\" ],\r\n  \"menuType\" : [ \"M\" ],\r\n  \"menuName\" : [ \"日志管理\" ],\r\n  \"url\" : [ \"#\" ],\r\n  \"perms\" : [ \"\" ],\r\n  \"orderNum\" : [ \"9\" ],\r\n  \"icon\" : [ \"#\" ],\r\n  \"visible\" : [ \"0\" ]\r\n}', '0', null, '2019-02-19 22:33:18');
INSERT INTO `sys_oper_log` VALUES ('29', '菜单管理', '2', 'com.ruoyi.web.controller.system.SysMenuController.editSave()', '1', 'admin', '研发部门', '/system/menu/edit', '127.0.0.1', '内网IP', '{\r\n  \"menuId\" : [ \"1058\" ],\r\n  \"parentId\" : [ \"0\" ],\r\n  \"menuType\" : [ \"M\" ],\r\n  \"menuName\" : [ \"安全管理\" ],\r\n  \"url\" : [ \"#\" ],\r\n  \"perms\" : [ \"\" ],\r\n  \"orderNum\" : [ \"8\" ],\r\n  \"icon\" : [ \"fa fa-balance-scale\" ],\r\n  \"visible\" : [ \"0\" ]\r\n}', '0', null, '2019-02-19 22:34:57');
INSERT INTO `sys_oper_log` VALUES ('30', '菜单管理', '2', 'com.ruoyi.web.controller.system.SysMenuController.editSave()', '1', 'admin', '研发部门', '/system/menu/edit', '127.0.0.1', '内网IP', '{\r\n  \"menuId\" : [ \"1\" ],\r\n  \"parentId\" : [ \"0\" ],\r\n  \"menuType\" : [ \"M\" ],\r\n  \"menuName\" : [ \"系统管理\" ],\r\n  \"url\" : [ \"#\" ],\r\n  \"perms\" : [ \"\" ],\r\n  \"orderNum\" : [ \"6\" ],\r\n  \"icon\" : [ \"fa fa-gear\" ],\r\n  \"visible\" : [ \"0\" ]\r\n}', '0', null, '2019-02-19 22:35:19');
INSERT INTO `sys_oper_log` VALUES ('31', '菜单管理', '2', 'com.ruoyi.web.controller.system.SysMenuController.editSave()', '1', 'admin', '研发部门', '/system/menu/edit', '127.0.0.1', '内网IP', '{\r\n  \"menuId\" : [ \"3\" ],\r\n  \"parentId\" : [ \"0\" ],\r\n  \"menuType\" : [ \"M\" ],\r\n  \"menuName\" : [ \"质量管理\" ],\r\n  \"url\" : [ \"#\" ],\r\n  \"perms\" : [ \"\" ],\r\n  \"orderNum\" : [ \"4\" ],\r\n  \"icon\" : [ \"fa fa-bars\" ],\r\n  \"visible\" : [ \"0\" ]\r\n}', '0', null, '2019-02-19 22:37:49');
INSERT INTO `sys_oper_log` VALUES ('32', '菜单管理', '1', 'com.ruoyi.web.controller.system.SysMenuController.addSave()', '1', 'admin', '研发部门', '/system/menu/add', '127.0.0.1', '内网IP', '{\r\n  \"parentId\" : [ \"0\" ],\r\n  \"menuType\" : [ \"M\" ],\r\n  \"menuName\" : [ \"治疗管理\" ],\r\n  \"url\" : [ \"\" ],\r\n  \"perms\" : [ \"\" ],\r\n  \"orderNum\" : [ \"1\" ],\r\n  \"icon\" : [ \"fa fa-briefcase\" ],\r\n  \"visible\" : [ \"0\" ]\r\n}', '0', null, '2019-02-19 22:39:47');
INSERT INTO `sys_oper_log` VALUES ('33', '菜单管理', '2', 'com.ruoyi.web.controller.system.SysMenuController.editSave()', '1', 'admin', '研发部门', '/system/menu/edit', '127.0.0.1', '内网IP', '{\r\n  \"menuId\" : [ \"3\" ],\r\n  \"parentId\" : [ \"0\" ],\r\n  \"menuType\" : [ \"M\" ],\r\n  \"menuName\" : [ \"质量管理\" ],\r\n  \"url\" : [ \"#\" ],\r\n  \"perms\" : [ \"\" ],\r\n  \"orderNum\" : [ \"4\" ],\r\n  \"icon\" : [ \"fa fa-gavel\" ],\r\n  \"visible\" : [ \"0\" ]\r\n}', '0', null, '2019-02-19 22:40:48');
INSERT INTO `sys_oper_log` VALUES ('34', '菜单管理', '3', 'com.ruoyi.web.controller.system.SysMenuController.remove()', '1', 'admin', '研发部门', '/system/menu/remove/109', '127.0.0.1', '内网IP', '{ }', '0', null, '2019-02-19 22:47:33');
INSERT INTO `sys_oper_log` VALUES ('35', '菜单管理', '3', 'com.ruoyi.web.controller.system.SysMenuController.remove()', '1', 'admin', '研发部门', '/system/menu/remove/109', '127.0.0.1', '内网IP', '{ }', '0', null, '2019-02-19 22:47:49');
INSERT INTO `sys_oper_log` VALUES ('36', '菜单管理', '3', 'com.ruoyi.web.controller.system.SysMenuController.remove()', '1', 'admin', '研发部门', '/system/menu/remove/1046', '127.0.0.1', '内网IP', '{ }', '0', null, '2019-02-19 22:48:07');
INSERT INTO `sys_oper_log` VALUES ('37', '菜单管理', '3', 'com.ruoyi.web.controller.system.SysMenuController.remove()', '1', 'admin', '研发部门', '/system/menu/remove/1047', '127.0.0.1', '内网IP', '{ }', '0', null, '2019-02-19 22:48:13');
INSERT INTO `sys_oper_log` VALUES ('38', '菜单管理', '3', 'com.ruoyi.web.controller.system.SysMenuController.remove()', '1', 'admin', '研发部门', '/system/menu/remove/1047', '127.0.0.1', '内网IP', '{ }', '0', null, '2019-02-19 22:48:19');
INSERT INTO `sys_oper_log` VALUES ('39', '角色管理', '2', 'com.ruoyi.web.controller.system.SysRoleController.ruleSave()', '1', 'admin', '研发部门', '/system/role/rule', '127.0.0.1', '内网IP', '{\r\n  \"roleId\" : [ \"1\" ],\r\n  \"roleName\" : [ \"管理员\" ],\r\n  \"roleKey\" : [ \"admin\" ],\r\n  \"dataScope\" : [ \"2\" ],\r\n  \"deptIds\" : [ \"\" ]\r\n}', '0', null, '2019-02-19 22:49:28');
INSERT INTO `sys_oper_log` VALUES ('40', '菜单管理', '3', 'com.ruoyi.web.controller.system.SysMenuController.remove()', '1', 'admin', '研发部门', '/system/menu/remove/1046', '127.0.0.1', '内网IP', '{ }', '0', null, '2019-02-19 22:50:42');
INSERT INTO `sys_oper_log` VALUES ('41', '菜单管理', '3', 'com.ruoyi.web.controller.system.SysMenuController.remove()', '1', 'admin', '研发部门', '/system/menu/remove/109', '127.0.0.1', '内网IP', '{ }', '0', null, '2019-02-19 22:50:50');
INSERT INTO `sys_oper_log` VALUES ('42', '菜单管理', '3', 'com.ruoyi.web.controller.system.SysMenuController.remove()', '1', 'admin', '研发部门', '/system/menu/remove/1047', '127.0.0.1', '内网IP', '{ }', '0', null, '2019-02-19 22:50:58');
INSERT INTO `sys_oper_log` VALUES ('43', '菜单管理', '3', 'com.ruoyi.web.controller.system.SysMenuController.remove()', '1', 'admin', '研发部门', '/system/menu/remove/1048', '127.0.0.1', '内网IP', '{ }', '0', null, '2019-02-19 22:51:05');
INSERT INTO `sys_oper_log` VALUES ('44', '菜单管理', '3', 'com.ruoyi.web.controller.system.SysMenuController.remove()', '1', 'admin', '研发部门', '/system/menu/remove/109', '127.0.0.1', '内网IP', '{ }', '0', null, '2019-02-19 22:51:15');
INSERT INTO `sys_oper_log` VALUES ('45', '菜单管理', '3', 'com.ruoyi.web.controller.system.SysMenuController.remove()', '1', 'admin', '研发部门', '/system/menu/remove/1035', '127.0.0.1', '内网IP', '{ }', '0', null, '2019-02-19 22:59:53');
INSERT INTO `sys_oper_log` VALUES ('46', '菜单管理', '3', 'com.ruoyi.web.controller.system.SysMenuController.remove()', '1', 'admin', '研发部门', '/system/menu/remove/1038', '127.0.0.1', '内网IP', '{ }', '0', null, '2019-02-19 23:00:45');
INSERT INTO `sys_oper_log` VALUES ('47', '菜单管理', '3', 'com.ruoyi.web.controller.system.SysMenuController.remove()', '1', 'admin', '研发部门', '/system/menu/remove/1035', '127.0.0.1', '内网IP', '{ }', '0', null, '2019-02-19 23:00:58');
INSERT INTO `sys_oper_log` VALUES ('48', '菜单管理', '3', 'com.ruoyi.web.controller.system.SysMenuController.remove()', '1', 'admin', '研发部门', '/system/menu/remove/1036', '127.0.0.1', '内网IP', '{ }', '0', null, '2019-02-19 23:01:16');
INSERT INTO `sys_oper_log` VALUES ('49', '菜单管理', '3', 'com.ruoyi.web.controller.system.SysMenuController.remove()', '1', 'admin', '研发部门', '/system/menu/remove/1037', '127.0.0.1', '内网IP', '{ }', '0', null, '2019-02-19 23:01:37');
INSERT INTO `sys_oper_log` VALUES ('50', '菜单管理', '3', 'com.ruoyi.web.controller.system.SysMenuController.remove()', '1', 'admin', '研发部门', '/system/menu/remove/107', '127.0.0.1', '内网IP', '{ }', '0', null, '2019-02-19 23:01:51');
INSERT INTO `sys_oper_log` VALUES ('51', '部门管理', '2', 'com.ruoyi.web.controller.system.SysDeptController.editSave()', '1', 'admin', '研发部门', '/system/dept/edit', '127.0.0.1', '内网IP', '{\r\n  \"deptId\" : [ \"101\" ],\r\n  \"parentId\" : [ \"100\" ],\r\n  \"parentName\" : [ \"若依科技\" ],\r\n  \"deptName\" : [ \"治疗室一\" ],\r\n  \"orderNum\" : [ \"1\" ],\r\n  \"leader\" : [ \"郑金马\" ],\r\n  \"phone\" : [ \"\" ],\r\n  \"email\" : [ \"\" ],\r\n  \"status\" : [ \"0\" ]\r\n}', '0', null, '2019-02-20 00:52:36');
INSERT INTO `sys_oper_log` VALUES ('52', '部门管理', '3', 'com.ruoyi.web.controller.system.SysDeptController.remove()', '1', 'admin', '研发部门', '/system/dept/remove/103', '127.0.0.1', '内网IP', '{ }', '0', null, '2019-02-20 00:52:44');
INSERT INTO `sys_oper_log` VALUES ('53', '部门管理', '1', 'com.ruoyi.web.controller.system.SysDeptController.addSave()', '1', 'admin', '研发部门', '/system/dept/add', '127.0.0.1', '内网IP', '{\r\n  \"parentId\" : [ \"100\" ],\r\n  \"deptName\" : [ \"治疗室二\" ],\r\n  \"orderNum\" : [ \"2\" ],\r\n  \"leader\" : [ \"\" ],\r\n  \"phone\" : [ \"\" ],\r\n  \"email\" : [ \"\" ],\r\n  \"status\" : [ \"0\" ]\r\n}', '0', null, '2019-02-20 00:53:53');
INSERT INTO `sys_oper_log` VALUES ('54', '用户管理', '2', 'com.ruoyi.web.controller.system.SysUserController.editSave()', '1', 'admin', '研发部门', '/system/user/edit', '127.0.0.1', '内网IP', '{\r\n  \"userId\" : [ \"1\" ],\r\n  \"deptId\" : [ \"110\" ],\r\n  \"userName\" : [ \"郑金马\" ],\r\n  \"email\" : [ \"zhengjinma@hotmail.com\" ],\r\n  \"phonenumber\" : [ \"13411375380\" ],\r\n  \"sex\" : [ \"0\" ],\r\n  \"status\" : [ \"0\" ],\r\n  \"roleIds\" : [ \"1\" ],\r\n  \"postIds\" : [ \"1\" ]\r\n}', '0', null, '2019-02-20 00:54:11');
INSERT INTO `sys_oper_log` VALUES ('55', '部门管理', '3', 'com.ruoyi.web.controller.system.SysDeptController.remove()', '1', 'admin', '研发部门', '/system/dept/remove/107', '127.0.0.1', '内网IP', '{ }', '0', null, '2019-02-20 00:54:56');
INSERT INTO `sys_oper_log` VALUES ('56', '部门管理', '3', 'com.ruoyi.web.controller.system.SysDeptController.remove()', '1', 'admin', '研发部门', '/system/dept/remove/106', '127.0.0.1', '内网IP', '{ }', '0', null, '2019-02-20 00:55:03');
INSERT INTO `sys_oper_log` VALUES ('57', '部门管理', '3', 'com.ruoyi.web.controller.system.SysDeptController.remove()', '1', 'admin', '研发部门', '/system/dept/remove/105', '127.0.0.1', '内网IP', '{ }', '0', null, '2019-02-20 00:55:08');
INSERT INTO `sys_oper_log` VALUES ('58', '部门管理', '3', 'com.ruoyi.web.controller.system.SysDeptController.remove()', '1', 'admin', '研发部门', '/system/dept/remove/104', '127.0.0.1', '内网IP', '{ }', '0', null, '2019-02-20 00:55:14');
INSERT INTO `sys_oper_log` VALUES ('59', '部门管理', '3', 'com.ruoyi.web.controller.system.SysDeptController.remove()', '1', 'admin', '研发部门', '/system/dept/remove/103', '127.0.0.1', '内网IP', '{ }', '0', null, '2019-02-20 00:55:22');
INSERT INTO `sys_oper_log` VALUES ('60', '用户管理', '2', 'com.ruoyi.web.controller.system.SysUserController.editSave()', '1', 'admin', '研发部门', '/system/user/edit', '127.0.0.1', '内网IP', '{\r\n  \"userId\" : [ \"1\" ],\r\n  \"deptId\" : [ \"110\" ],\r\n  \"userName\" : [ \"郑金马\" ],\r\n  \"email\" : [ \"zhengjinma@hotmail.com\" ],\r\n  \"phonenumber\" : [ \"13411375380\" ],\r\n  \"sex\" : [ \"0\" ],\r\n  \"status\" : [ \"0\" ],\r\n  \"roleIds\" : [ \"1\" ],\r\n  \"postIds\" : [ \"1\" ]\r\n}', '0', null, '2019-02-20 00:56:06');
INSERT INTO `sys_oper_log` VALUES ('61', '部门管理', '3', 'com.ruoyi.web.controller.system.SysDeptController.remove()', '1', 'admin', '研发部门', '/system/dept/remove/103', '127.0.0.1', '内网IP', '{ }', '0', null, '2019-02-20 00:59:11');
INSERT INTO `sys_oper_log` VALUES ('62', '部门管理', '3', 'com.ruoyi.web.controller.system.SysDeptController.remove()', '1', 'admin', '研发部门', '/system/dept/remove/105', '127.0.0.1', '内网IP', '{ }', '0', null, '2019-02-20 00:59:14');
INSERT INTO `sys_oper_log` VALUES ('63', '部门管理', '1', 'com.ruoyi.web.controller.system.SysDeptController.addSave()', '1', 'admin', '研发部门', '/system/dept/add', '127.0.0.1', '内网IP', '{\r\n  \"parentId\" : [ \"100\" ],\r\n  \"deptName\" : [ \"质量部门\" ],\r\n  \"orderNum\" : [ \"3\" ],\r\n  \"leader\" : [ \"\" ],\r\n  \"phone\" : [ \"\" ],\r\n  \"email\" : [ \"\" ],\r\n  \"status\" : [ \"0\" ]\r\n}', '0', null, '2019-02-20 01:00:48');
INSERT INTO `sys_oper_log` VALUES ('64', '岗位管理', '2', 'com.ruoyi.web.controller.system.SysPostController.editSave()', '1', 'admin', '研发部门', '/system/post/edit', '127.0.0.1', '内网IP', '{\r\n  \"postId\" : [ \"1\" ],\r\n  \"postName\" : [ \"院长\" ],\r\n  \"postCode\" : [ \"yz\" ],\r\n  \"postSort\" : [ \"1\" ],\r\n  \"status\" : [ \"0\" ],\r\n  \"remark\" : [ \"\" ]\r\n}', '0', null, '2019-02-20 01:02:23');
INSERT INTO `sys_oper_log` VALUES ('65', '岗位管理', '2', 'com.ruoyi.web.controller.system.SysPostController.editSave()', '1', 'admin', '研发部门', '/system/post/edit', '127.0.0.1', '内网IP', '{\r\n  \"postId\" : [ \"2\" ],\r\n  \"postName\" : [ \"主任\" ],\r\n  \"postCode\" : [ \"zr\" ],\r\n  \"postSort\" : [ \"2\" ],\r\n  \"status\" : [ \"0\" ],\r\n  \"remark\" : [ \"\" ]\r\n}', '0', null, '2019-02-20 01:02:43');
INSERT INTO `sys_oper_log` VALUES ('66', '岗位管理', '2', 'com.ruoyi.web.controller.system.SysPostController.editSave()', '1', 'admin', '研发部门', '/system/post/edit', '127.0.0.1', '内网IP', '{\r\n  \"postId\" : [ \"3\" ],\r\n  \"postName\" : [ \"副主任\" ],\r\n  \"postCode\" : [ \"fzr\" ],\r\n  \"postSort\" : [ \"3\" ],\r\n  \"status\" : [ \"0\" ],\r\n  \"remark\" : [ \"\" ]\r\n}', '0', null, '2019-02-20 01:03:16');
INSERT INTO `sys_oper_log` VALUES ('67', '岗位管理', '2', 'com.ruoyi.web.controller.system.SysPostController.editSave()', '1', 'admin', '研发部门', '/system/post/edit', '127.0.0.1', '内网IP', '{\r\n  \"postId\" : [ \"4\" ],\r\n  \"postName\" : [ \"医师\" ],\r\n  \"postCode\" : [ \"user\" ],\r\n  \"postSort\" : [ \"4\" ],\r\n  \"status\" : [ \"0\" ],\r\n  \"remark\" : [ \"\" ]\r\n}', '0', null, '2019-02-20 01:03:28');
INSERT INTO `sys_oper_log` VALUES ('68', '菜单管理', '1', 'com.ruoyi.web.controller.system.SysMenuController.addSave()', '1', 'admin', '治疗室一', '/system/menu/add', '127.0.0.1', '内网IP', '{\r\n  \"parentId\" : [ \"1059\" ],\r\n  \"menuType\" : [ \"C\" ],\r\n  \"menuName\" : [ \"治疗任务\" ],\r\n  \"url\" : [ \"\" ],\r\n  \"perms\" : [ \"\" ],\r\n  \"orderNum\" : [ \"1\" ],\r\n  \"icon\" : [ \"\" ],\r\n  \"visible\" : [ \"0\" ]\r\n}', '0', null, '2019-02-20 01:28:35');
INSERT INTO `sys_oper_log` VALUES ('69', '菜单管理', '1', 'com.ruoyi.web.controller.system.SysMenuController.addSave()', '1', 'admin', '治疗室一', '/system/menu/add', '127.0.0.1', '内网IP', '{\r\n  \"parentId\" : [ \"1059\" ],\r\n  \"menuType\" : [ \"C\" ],\r\n  \"menuName\" : [ \"运行监控\" ],\r\n  \"url\" : [ \"\" ],\r\n  \"perms\" : [ \"\" ],\r\n  \"orderNum\" : [ \"2\" ],\r\n  \"icon\" : [ \"\" ],\r\n  \"visible\" : [ \"0\" ]\r\n}', '0', null, '2019-02-20 01:29:26');
INSERT INTO `sys_oper_log` VALUES ('70', '菜单管理', '1', 'com.ruoyi.web.controller.system.SysMenuController.addSave()', '1', 'admin', '治疗室一', '/system/menu/add', '127.0.0.1', '内网IP', '{\r\n  \"parentId\" : [ \"0\" ],\r\n  \"menuType\" : [ \"M\" ],\r\n  \"menuName\" : [ \"报表管理\" ],\r\n  \"url\" : [ \"\" ],\r\n  \"perms\" : [ \"\" ],\r\n  \"orderNum\" : [ \"5\" ],\r\n  \"icon\" : [ \"fa fa-bar-chart\" ],\r\n  \"visible\" : [ \"0\" ]\r\n}', '0', null, '2019-02-20 01:31:40');
INSERT INTO `sys_oper_log` VALUES ('71', '菜单管理', '1', 'com.ruoyi.web.controller.system.SysMenuController.addSave()', '1', 'admin', '治疗室一', '/system/menu/add', '127.0.0.1', '内网IP', '{\r\n  \"parentId\" : [ \"1\" ],\r\n  \"menuType\" : [ \"C\" ],\r\n  \"menuName\" : [ \"设备管理\" ],\r\n  \"url\" : [ \"\" ],\r\n  \"perms\" : [ \"\" ],\r\n  \"orderNum\" : [ \"1\" ],\r\n  \"icon\" : [ \"\" ],\r\n  \"visible\" : [ \"0\" ]\r\n}', '0', null, '2019-02-20 01:32:20');
INSERT INTO `sys_oper_log` VALUES ('72', '菜单管理', '2', 'com.ruoyi.web.controller.system.SysMenuController.editSave()', '1', 'admin', '治疗室一', '/system/menu/edit', '127.0.0.1', '内网IP', '{\r\n  \"menuId\" : [ \"1061\" ],\r\n  \"parentId\" : [ \"1059\" ],\r\n  \"menuType\" : [ \"C\" ],\r\n  \"menuName\" : [ \"运行监控\" ],\r\n  \"url\" : [ \"/monitor/runtime\" ],\r\n  \"perms\" : [ \"\" ],\r\n  \"orderNum\" : [ \"2\" ],\r\n  \"icon\" : [ \"#\" ],\r\n  \"visible\" : [ \"0\" ]\r\n}', '0', null, '2019-02-20 01:38:50');
INSERT INTO `sys_oper_log` VALUES ('73', '菜单管理', '2', 'com.ruoyi.web.controller.system.SysMenuController.editSave()', '1', 'admin', '治疗室一', '/system/menu/edit', '127.0.0.1', '内网IP', '{\r\n  \"menuId\" : [ \"1061\" ],\r\n  \"parentId\" : [ \"1059\" ],\r\n  \"menuType\" : [ \"C\" ],\r\n  \"menuName\" : [ \"运行监控\" ],\r\n  \"url\" : [ \"/monitor/runtime\" ],\r\n  \"perms\" : [ \"\" ],\r\n  \"orderNum\" : [ \"2\" ],\r\n  \"icon\" : [ \"#\" ],\r\n  \"visible\" : [ \"0\" ]\r\n}', '0', null, '2019-02-20 01:44:47');
INSERT INTO `sys_oper_log` VALUES ('74', '角色管理', '2', 'com.ruoyi.web.controller.system.SysRoleController.ruleSave()', '1', 'admin', '治疗室一', '/system/role/rule', '127.0.0.1', '内网IP', '{\r\n  \"roleId\" : [ \"1\" ],\r\n  \"roleName\" : [ \"管理员\" ],\r\n  \"roleKey\" : [ \"admin\" ],\r\n  \"dataScope\" : [ \"2\" ],\r\n  \"deptIds\" : [ \"100,101,110,111\" ]\r\n}', '0', null, '2019-02-20 01:48:20');
INSERT INTO `sys_oper_log` VALUES ('75', '菜单管理', '2', 'com.ruoyi.web.controller.system.SysMenuController.editSave()', '1', 'admin', null, '/system/menu/edit', '127.0.0.1', '内网IP', '{\r\n  \"menuId\" : [ \"1061\" ],\r\n  \"parentId\" : [ \"1059\" ],\r\n  \"menuType\" : [ \"C\" ],\r\n  \"menuName\" : [ \"运行监控\" ],\r\n  \"url\" : [ \"/monitor/job\" ],\r\n  \"perms\" : [ \"monitor:runtime:runtime\" ],\r\n  \"orderNum\" : [ \"2\" ],\r\n  \"icon\" : [ \"#\" ],\r\n  \"visible\" : [ \"0\" ]\r\n}', '0', null, '2019-02-25 11:06:22');
INSERT INTO `sys_oper_log` VALUES ('76', '菜单管理', '2', 'com.ruoyi.web.controller.system.SysMenuController.editSave()', '1', 'admin', null, '/system/menu/edit', '127.0.0.1', '内网IP', '{\r\n  \"menuId\" : [ \"1061\" ],\r\n  \"parentId\" : [ \"1059\" ],\r\n  \"menuType\" : [ \"C\" ],\r\n  \"menuName\" : [ \"运行监控\" ],\r\n  \"url\" : [ \"/monitor/job\" ],\r\n  \"perms\" : [ \"monitor:job:view\" ],\r\n  \"orderNum\" : [ \"2\" ],\r\n  \"icon\" : [ \"#\" ],\r\n  \"visible\" : [ \"0\" ]\r\n}', '0', null, '2019-02-25 11:06:41');
INSERT INTO `sys_oper_log` VALUES ('77', '菜单管理', '2', 'com.ruoyi.web.controller.system.SysMenuController.editSave()', '1', 'admin', null, '/system/menu/edit', '127.0.0.1', '内网IP', '{\r\n  \"menuId\" : [ \"1061\" ],\r\n  \"parentId\" : [ \"1059\" ],\r\n  \"menuType\" : [ \"C\" ],\r\n  \"menuName\" : [ \"运行监控\" ],\r\n  \"url\" : [ \"/monitor/server\" ],\r\n  \"perms\" : [ \"monitor:job:view\" ],\r\n  \"orderNum\" : [ \"2\" ],\r\n  \"icon\" : [ \"#\" ],\r\n  \"visible\" : [ \"0\" ]\r\n}', '0', null, '2019-02-25 11:13:07');
INSERT INTO `sys_oper_log` VALUES ('78', '菜单管理', '2', 'com.ruoyi.web.controller.system.SysMenuController.editSave()', '1', 'admin', null, '/system/menu/edit', '127.0.0.1', '内网IP', '{\r\n  \"menuId\" : [ \"1061\" ],\r\n  \"parentId\" : [ \"1059\" ],\r\n  \"menuType\" : [ \"C\" ],\r\n  \"menuName\" : [ \"运行监控\" ],\r\n  \"url\" : [ \"/monitor/server\" ],\r\n  \"perms\" : [ \"monitor:server:view\" ],\r\n  \"orderNum\" : [ \"2\" ],\r\n  \"icon\" : [ \"#\" ],\r\n  \"visible\" : [ \"0\" ]\r\n}', '0', null, '2019-02-25 11:13:26');
INSERT INTO `sys_oper_log` VALUES ('79', '菜单管理', '2', 'com.ruoyi.web.controller.system.SysMenuController.editSave()', '1', 'admin', null, '/system/menu/edit', '127.0.0.1', '内网IP', '{\r\n  \"menuId\" : [ \"1061\" ],\r\n  \"parentId\" : [ \"1059\" ],\r\n  \"menuType\" : [ \"C\" ],\r\n  \"menuName\" : [ \"运行监控\" ],\r\n  \"url\" : [ \"/monitor/treat\" ],\r\n  \"perms\" : [ \"monitor:treat:view\" ],\r\n  \"orderNum\" : [ \"2\" ],\r\n  \"icon\" : [ \"#\" ],\r\n  \"visible\" : [ \"0\" ]\r\n}', '0', null, '2019-02-25 11:19:44');
INSERT INTO `sys_oper_log` VALUES ('80', '字典数据', '3', 'com.ciTreat.web.controller.system.SysDictDataController.remove()', '1', 'admin', '放射科', '/system/dict/data/remove', '127.0.0.1', '内网IP', '{\r\n  \"ids\" : [ \"47\" ]\r\n}', '0', null, '2019-04-22 10:06:30');
INSERT INTO `sys_oper_log` VALUES ('81', '字典数据', '3', 'com.ciTreat.web.controller.system.SysDictDataController.remove()', '1', 'admin', '放射科', '/system/dict/data/remove', '127.0.0.1', '内网IP', '{\r\n  \"ids\" : [ \"48\" ]\r\n}', '0', null, '2019-04-22 10:06:32');
INSERT INTO `sys_oper_log` VALUES ('82', '每日检查完成-插入流水', '1', 'com.ciTreat.web.controller.quality.CheckEveryDayController.success()', '1', 'admin', '放射科', '/quality/checkEveryDay/success/ROOM-1', '127.0.0.1', '内网IP', '{ }', '0', null, '2019-06-24 20:36:47');
INSERT INTO `sys_oper_log` VALUES ('83', '每日检查完成-插入流水', '1', 'com.ciTreat.web.controller.quality.CheckEveryDayController.success()', '1', 'admin', '放射科', '/quality/checkEveryDay/success/ROOM-2', '127.0.0.1', '内网IP', '{ }', '1', '\r\n### Error updating database.  Cause: java.sql.SQLIntegrityConstraintViolationException: Duplicate entry \'123456789\' for key \'PRIMARY\'\r\n### The error may involve com.ciTreat.quality.mapper.CheckEveryDayFlowMeterMapper.insertCheckEveryDayFlowMeter-Inline\r\n### The error occurred while setting parameters\r\n### SQL: insert into check_item_jnl(     FLOWMETER_ID,     CREATE_TIME,     CHECKSTATUS,     TREATMENT_ID    )values(     ?,     ?,     ?,     ?    )\r\n### Cause: java.sql.SQLIntegrityConstraintViolationException: Duplicate entry \'123456789\' for key \'PRIMARY\'\n; Duplicate entry \'123456789\' for key \'PRIMARY\'; nested exception is java.sql.SQLIntegrityConstraintViolationException: Duplicate entry \'123456789\' for key \'PRIMARY\'', '2019-06-24 20:37:02');

-- ----------------------------
-- Table structure for `sys_post`
-- ----------------------------
DROP TABLE IF EXISTS `sys_post`;
CREATE TABLE `sys_post` (
  `post_id` int(11) NOT NULL AUTO_INCREMENT COMMENT '岗位ID',
  `post_code` varchar(64) NOT NULL COMMENT '岗位编码',
  `post_name` varchar(50) NOT NULL COMMENT '岗位名称',
  `post_sort` int(4) NOT NULL COMMENT '显示顺序',
  `status` char(1) NOT NULL COMMENT '状态（0正常 1停用）',
  `create_by` varchar(64) DEFAULT '' COMMENT '创建者',
  `create_time` datetime DEFAULT NULL COMMENT '创建时间',
  `update_by` varchar(64) DEFAULT '' COMMENT '更新者',
  `update_time` datetime DEFAULT NULL COMMENT '更新时间',
  `remark` varchar(500) DEFAULT NULL COMMENT '备注',
  PRIMARY KEY (`post_id`)
) ENGINE=InnoDB AUTO_INCREMENT=5 DEFAULT CHARSET=utf8 COMMENT='岗位信息表';

-- ----------------------------
-- Records of sys_post
-- ----------------------------
INSERT INTO `sys_post` VALUES ('1', 'yz', '院长', '1', '0', 'admin', '2018-03-16 11:33:00', 'admin', '2019-02-20 01:02:23', '');
INSERT INTO `sys_post` VALUES ('2', 'zr', '主任', '2', '0', 'admin', '2018-03-16 11:33:00', 'admin', '2019-02-20 01:02:43', '');
INSERT INTO `sys_post` VALUES ('3', 'fzr', '副主任', '3', '0', 'admin', '2018-03-16 11:33:00', 'admin', '2019-02-20 01:03:16', '');
INSERT INTO `sys_post` VALUES ('4', 'user', '医师', '4', '0', 'admin', '2018-03-16 11:33:00', 'admin', '2019-04-07 08:29:41', '1111');

-- ----------------------------
-- Table structure for `sys_role`
-- ----------------------------
DROP TABLE IF EXISTS `sys_role`;
CREATE TABLE `sys_role` (
  `role_id` int(11) NOT NULL AUTO_INCREMENT COMMENT '角色ID',
  `role_name` varchar(30) NOT NULL COMMENT '角色名称',
  `role_key` varchar(100) NOT NULL COMMENT '角色权限字符串',
  `role_sort` int(4) NOT NULL COMMENT '显示顺序',
  `data_scope` char(1) DEFAULT '1' COMMENT '数据范围（1：全部数据权限 2：自定数据权限）',
  `status` char(1) NOT NULL COMMENT '角色状态（0正常 1停用）',
  `del_flag` char(1) DEFAULT '0' COMMENT '删除标志（0代表存在 2代表删除）',
  `create_by` varchar(64) DEFAULT '' COMMENT '创建者',
  `create_time` datetime DEFAULT NULL COMMENT '创建时间',
  `update_by` varchar(64) DEFAULT '' COMMENT '更新者',
  `update_time` datetime DEFAULT NULL COMMENT '更新时间',
  `remark` varchar(500) DEFAULT NULL COMMENT '备注',
  PRIMARY KEY (`role_id`)
) ENGINE=InnoDB AUTO_INCREMENT=3 DEFAULT CHARSET=utf8 COMMENT='角色信息表';

-- ----------------------------
-- Records of sys_role
-- ----------------------------
INSERT INTO `sys_role` VALUES ('1', '管理员', 'admin', '1', '2', '0', '0', 'admin', '2018-03-16 11:33:00', 'admin', '2019-03-23 10:04:05', '管理员');
INSERT INTO `sys_role` VALUES ('2', '普通角色', 'common', '2', '2', '0', '0', 'admin', '2018-03-16 11:33:00', 'admin', '2019-03-23 10:03:29', '普通角色');

-- ----------------------------
-- Table structure for `sys_role_dept`
-- ----------------------------
DROP TABLE IF EXISTS `sys_role_dept`;
CREATE TABLE `sys_role_dept` (
  `role_id` int(11) NOT NULL COMMENT '角色ID',
  `dept_id` int(11) NOT NULL COMMENT '部门ID',
  PRIMARY KEY (`role_id`,`dept_id`)
) ENGINE=InnoDB DEFAULT CHARSET=utf8 COMMENT='角色和部门关联表';

-- ----------------------------
-- Records of sys_role_dept
-- ----------------------------
INSERT INTO `sys_role_dept` VALUES ('1', '100');
INSERT INTO `sys_role_dept` VALUES ('1', '101');
INSERT INTO `sys_role_dept` VALUES ('1', '110');
INSERT INTO `sys_role_dept` VALUES ('1', '111');
INSERT INTO `sys_role_dept` VALUES ('2', '100');
INSERT INTO `sys_role_dept` VALUES ('2', '101');
INSERT INTO `sys_role_dept` VALUES ('2', '105');

-- ----------------------------
-- Table structure for `sys_role_menu`
-- ----------------------------
DROP TABLE IF EXISTS `sys_role_menu`;
CREATE TABLE `sys_role_menu` (
  `role_id` int(11) NOT NULL COMMENT '角色ID',
  `menu_id` int(11) NOT NULL COMMENT '菜单ID',
  PRIMARY KEY (`role_id`,`menu_id`)
) ENGINE=InnoDB DEFAULT CHARSET=utf8 COMMENT='角色和菜单关联表';

-- ----------------------------
-- Records of sys_role_menu
-- ----------------------------
INSERT INTO `sys_role_menu` VALUES ('1', '1');
INSERT INTO `sys_role_menu` VALUES ('1', '2');
INSERT INTO `sys_role_menu` VALUES ('1', '3');
INSERT INTO `sys_role_menu` VALUES ('1', '100');
INSERT INTO `sys_role_menu` VALUES ('1', '101');
INSERT INTO `sys_role_menu` VALUES ('1', '102');
INSERT INTO `sys_role_menu` VALUES ('1', '103');
INSERT INTO `sys_role_menu` VALUES ('1', '104');
INSERT INTO `sys_role_menu` VALUES ('1', '105');
INSERT INTO `sys_role_menu` VALUES ('1', '106');
INSERT INTO `sys_role_menu` VALUES ('1', '108');
INSERT INTO `sys_role_menu` VALUES ('1', '110');
INSERT INTO `sys_role_menu` VALUES ('1', '111');
INSERT INTO `sys_role_menu` VALUES ('1', '112');
INSERT INTO `sys_role_menu` VALUES ('1', '113');
INSERT INTO `sys_role_menu` VALUES ('1', '500');
INSERT INTO `sys_role_menu` VALUES ('1', '501');
INSERT INTO `sys_role_menu` VALUES ('1', '1000');
INSERT INTO `sys_role_menu` VALUES ('1', '1001');
INSERT INTO `sys_role_menu` VALUES ('1', '1002');
INSERT INTO `sys_role_menu` VALUES ('1', '1003');
INSERT INTO `sys_role_menu` VALUES ('1', '1004');
INSERT INTO `sys_role_menu` VALUES ('1', '1005');
INSERT INTO `sys_role_menu` VALUES ('1', '1006');
INSERT INTO `sys_role_menu` VALUES ('1', '1007');
INSERT INTO `sys_role_menu` VALUES ('1', '1008');
INSERT INTO `sys_role_menu` VALUES ('1', '1009');
INSERT INTO `sys_role_menu` VALUES ('1', '1010');
INSERT INTO `sys_role_menu` VALUES ('1', '1011');
INSERT INTO `sys_role_menu` VALUES ('1', '1012');
INSERT INTO `sys_role_menu` VALUES ('1', '1013');
INSERT INTO `sys_role_menu` VALUES ('1', '1014');
INSERT INTO `sys_role_menu` VALUES ('1', '1015');
INSERT INTO `sys_role_menu` VALUES ('1', '1016');
INSERT INTO `sys_role_menu` VALUES ('1', '1017');
INSERT INTO `sys_role_menu` VALUES ('1', '1018');
INSERT INTO `sys_role_menu` VALUES ('1', '1019');
INSERT INTO `sys_role_menu` VALUES ('1', '1020');
INSERT INTO `sys_role_menu` VALUES ('1', '1021');
INSERT INTO `sys_role_menu` VALUES ('1', '1022');
INSERT INTO `sys_role_menu` VALUES ('1', '1023');
INSERT INTO `sys_role_menu` VALUES ('1', '1024');
INSERT INTO `sys_role_menu` VALUES ('1', '1025');
INSERT INTO `sys_role_menu` VALUES ('1', '1026');
INSERT INTO `sys_role_menu` VALUES ('1', '1027');
INSERT INTO `sys_role_menu` VALUES ('1', '1028');
INSERT INTO `sys_role_menu` VALUES ('1', '1029');
INSERT INTO `sys_role_menu` VALUES ('1', '1030');
INSERT INTO `sys_role_menu` VALUES ('1', '1031');
INSERT INTO `sys_role_menu` VALUES ('1', '1032');
INSERT INTO `sys_role_menu` VALUES ('1', '1033');
INSERT INTO `sys_role_menu` VALUES ('1', '1034');
INSERT INTO `sys_role_menu` VALUES ('1', '1039');
INSERT INTO `sys_role_menu` VALUES ('1', '1040');
INSERT INTO `sys_role_menu` VALUES ('1', '1041');
INSERT INTO `sys_role_menu` VALUES ('1', '1042');
INSERT INTO `sys_role_menu` VALUES ('1', '1043');
INSERT INTO `sys_role_menu` VALUES ('1', '1044');
INSERT INTO `sys_role_menu` VALUES ('1', '1045');
INSERT INTO `sys_role_menu` VALUES ('1', '1049');
INSERT INTO `sys_role_menu` VALUES ('1', '1050');
INSERT INTO `sys_role_menu` VALUES ('1', '1051');
INSERT INTO `sys_role_menu` VALUES ('1', '1052');
INSERT INTO `sys_role_menu` VALUES ('1', '1053');
INSERT INTO `sys_role_menu` VALUES ('1', '1054');
INSERT INTO `sys_role_menu` VALUES ('1', '1055');
INSERT INTO `sys_role_menu` VALUES ('1', '1058');
INSERT INTO `sys_role_menu` VALUES ('1', '1060');
INSERT INTO `sys_role_menu` VALUES ('1', '1061');
INSERT INTO `sys_role_menu` VALUES ('1', '1062');
INSERT INTO `sys_role_menu` VALUES ('2', '1');
INSERT INTO `sys_role_menu` VALUES ('2', '2');
INSERT INTO `sys_role_menu` VALUES ('2', '3');
INSERT INTO `sys_role_menu` VALUES ('2', '100');
INSERT INTO `sys_role_menu` VALUES ('2', '101');
INSERT INTO `sys_role_menu` VALUES ('2', '102');
INSERT INTO `sys_role_menu` VALUES ('2', '103');
INSERT INTO `sys_role_menu` VALUES ('2', '104');
INSERT INTO `sys_role_menu` VALUES ('2', '105');
INSERT INTO `sys_role_menu` VALUES ('2', '106');
INSERT INTO `sys_role_menu` VALUES ('2', '108');
INSERT INTO `sys_role_menu` VALUES ('2', '110');
INSERT INTO `sys_role_menu` VALUES ('2', '111');
INSERT INTO `sys_role_menu` VALUES ('2', '112');
INSERT INTO `sys_role_menu` VALUES ('2', '113');
INSERT INTO `sys_role_menu` VALUES ('2', '500');
INSERT INTO `sys_role_menu` VALUES ('2', '501');
INSERT INTO `sys_role_menu` VALUES ('2', '1000');
INSERT INTO `sys_role_menu` VALUES ('2', '1001');
INSERT INTO `sys_role_menu` VALUES ('2', '1002');
INSERT INTO `sys_role_menu` VALUES ('2', '1003');
INSERT INTO `sys_role_menu` VALUES ('2', '1004');
INSERT INTO `sys_role_menu` VALUES ('2', '1005');
INSERT INTO `sys_role_menu` VALUES ('2', '1006');
INSERT INTO `sys_role_menu` VALUES ('2', '1007');
INSERT INTO `sys_role_menu` VALUES ('2', '1008');
INSERT INTO `sys_role_menu` VALUES ('2', '1009');
INSERT INTO `sys_role_menu` VALUES ('2', '1010');
INSERT INTO `sys_role_menu` VALUES ('2', '1011');
INSERT INTO `sys_role_menu` VALUES ('2', '1012');
INSERT INTO `sys_role_menu` VALUES ('2', '1013');
INSERT INTO `sys_role_menu` VALUES ('2', '1014');
INSERT INTO `sys_role_menu` VALUES ('2', '1015');
INSERT INTO `sys_role_menu` VALUES ('2', '1016');
INSERT INTO `sys_role_menu` VALUES ('2', '1017');
INSERT INTO `sys_role_menu` VALUES ('2', '1018');
INSERT INTO `sys_role_menu` VALUES ('2', '1019');
INSERT INTO `sys_role_menu` VALUES ('2', '1020');
INSERT INTO `sys_role_menu` VALUES ('2', '1021');
INSERT INTO `sys_role_menu` VALUES ('2', '1022');
INSERT INTO `sys_role_menu` VALUES ('2', '1023');
INSERT INTO `sys_role_menu` VALUES ('2', '1024');
INSERT INTO `sys_role_menu` VALUES ('2', '1025');
INSERT INTO `sys_role_menu` VALUES ('2', '1026');
INSERT INTO `sys_role_menu` VALUES ('2', '1027');
INSERT INTO `sys_role_menu` VALUES ('2', '1028');
INSERT INTO `sys_role_menu` VALUES ('2', '1029');
INSERT INTO `sys_role_menu` VALUES ('2', '1030');
INSERT INTO `sys_role_menu` VALUES ('2', '1031');
INSERT INTO `sys_role_menu` VALUES ('2', '1032');
INSERT INTO `sys_role_menu` VALUES ('2', '1033');
INSERT INTO `sys_role_menu` VALUES ('2', '1034');
INSERT INTO `sys_role_menu` VALUES ('2', '1039');
INSERT INTO `sys_role_menu` VALUES ('2', '1040');
INSERT INTO `sys_role_menu` VALUES ('2', '1041');
INSERT INTO `sys_role_menu` VALUES ('2', '1042');
INSERT INTO `sys_role_menu` VALUES ('2', '1043');
INSERT INTO `sys_role_menu` VALUES ('2', '1044');
INSERT INTO `sys_role_menu` VALUES ('2', '1045');
INSERT INTO `sys_role_menu` VALUES ('2', '1049');
INSERT INTO `sys_role_menu` VALUES ('2', '1050');
INSERT INTO `sys_role_menu` VALUES ('2', '1051');
INSERT INTO `sys_role_menu` VALUES ('2', '1052');
INSERT INTO `sys_role_menu` VALUES ('2', '1053');
INSERT INTO `sys_role_menu` VALUES ('2', '1054');
INSERT INTO `sys_role_menu` VALUES ('2', '1055');
INSERT INTO `sys_role_menu` VALUES ('2', '1058');

-- ----------------------------
-- Table structure for `sys_user`
-- ----------------------------
DROP TABLE IF EXISTS `sys_user`;
CREATE TABLE `sys_user` (
  `user_id` int(11) NOT NULL AUTO_INCREMENT COMMENT '用户ID',
  `dept_id` int(11) DEFAULT NULL COMMENT '部门ID',
  `login_name` varchar(30) NOT NULL COMMENT '登录账号',
  `user_name` varchar(30) NOT NULL COMMENT '用户昵称',
  `user_type` varchar(2) DEFAULT '00' COMMENT '用户类型（00系统用户）',
  `email` varchar(50) DEFAULT '' COMMENT '用户邮箱',
  `phonenumber` varchar(11) DEFAULT '' COMMENT '手机号码',
  `sex` char(1) DEFAULT '0' COMMENT '用户性别（0男 1女 2未知）',
  `avatar` varchar(100) DEFAULT '' COMMENT '头像路径',
  `password` varchar(50) DEFAULT '' COMMENT '密码',
  `salt` varchar(20) DEFAULT '' COMMENT '盐加密',
  `status` char(1) DEFAULT '0' COMMENT '帐号状态（0正常 1停用）',
  `del_flag` char(1) DEFAULT '0' COMMENT '删除标志（0代表存在 2代表删除）',
  `login_ip` varchar(50) DEFAULT '' COMMENT '最后登陆IP',
  `login_date` datetime DEFAULT NULL COMMENT '最后登陆时间',
  `create_by` varchar(64) DEFAULT '' COMMENT '创建者',
  `create_time` datetime DEFAULT NULL COMMENT '创建时间',
  `update_by` varchar(64) DEFAULT '' COMMENT '更新者',
  `update_time` datetime DEFAULT NULL COMMENT '更新时间',
  `remark` varchar(500) DEFAULT '' COMMENT '备注',
  PRIMARY KEY (`user_id`)
) ENGINE=InnoDB AUTO_INCREMENT=4 DEFAULT CHARSET=utf8 COMMENT='用户信息表';

-- ----------------------------
-- Records of sys_user
-- ----------------------------
INSERT INTO `sys_user` VALUES ('1', '101', 'admin', '郑金马', '00', 'zhengjinma@hotmail.com', '13411375380', '0', '2019/04/22/c466399137c343030a09edae7977e72b.jpg', '29c67a30398638269fe600f73a054934', '111111', '0', '0', '0:0:0:0:0:0:0:1', '2019-09-03 15:49:23', 'admin', '2018-03-16 11:33:00', 'ry', '2019-09-03 15:49:23', '管理员');
INSERT INTO `sys_user` VALUES ('2', '110', 'zhengduoduo', '郑朵朵', '00', 'zhengjinma2@hotmail.com', '18666666666', '1', '', '8e6d98b90472783cc73c17047ddccf36', '222222', '0', '0', '127.0.0.1', '2018-03-16 11:33:00', 'admin', '2018-03-16 11:33:00', 'admin', '2019-06-23 11:38:55', '测试员');
INSERT INTO `sys_user` VALUES ('3', '110', '333', 'admin', '00', 'zhengjinma@hotm1ail.com', '13445678901', '0', '', '28c9453c4e912d8443b05b0295d6b2cc', '068d02', '0', '2', '', null, 'admin', '2019-03-19 15:30:12', '', null, '');

-- ----------------------------
-- Table structure for `sys_user_online`
-- ----------------------------
DROP TABLE IF EXISTS `sys_user_online`;
CREATE TABLE `sys_user_online` (
  `sessionId` varchar(50) NOT NULL DEFAULT '' COMMENT '用户会话id',
  `login_name` varchar(50) DEFAULT '' COMMENT '登录账号',
  `dept_name` varchar(50) DEFAULT '' COMMENT '部门名称',
  `ipaddr` varchar(50) DEFAULT '' COMMENT '登录IP地址',
  `login_location` varchar(255) DEFAULT '' COMMENT '登录地点',
  `browser` varchar(50) DEFAULT '' COMMENT '浏览器类型',
  `os` varchar(50) DEFAULT '' COMMENT '操作系统',
  `status` varchar(10) DEFAULT '' COMMENT '在线状态on_line在线off_line离线',
  `start_timestamp` datetime DEFAULT NULL COMMENT 'session创建时间',
  `last_access_time` datetime DEFAULT NULL COMMENT 'session最后访问时间',
  `expire_time` int(5) DEFAULT '0' COMMENT '超时时间，单位为分钟',
  PRIMARY KEY (`sessionId`)
) ENGINE=InnoDB DEFAULT CHARSET=utf8 COMMENT='在线用户记录';

-- ----------------------------
-- Records of sys_user_online
-- ----------------------------
INSERT INTO `sys_user_online` VALUES ('34167280-3bbc-40f2-825a-cf3fac2613fb', 'admin', '治疗室一', '127.0.0.1', '内网IP', 'Chrome', 'Windows 10', 'on_line', '2019-02-25 14:17:27', '2019-02-25 15:04:11', '1800000');
INSERT INTO `sys_user_online` VALUES ('3bedd645-172a-4d64-84ea-c3cda168a550', 'admin', '治疗室一', '127.0.0.1', '内网IP', 'Microsoft Edge', 'Windows 10', 'on_line', '2019-02-25 14:52:19', '2019-02-25 14:52:21', '1800000');

-- ----------------------------
-- Table structure for `sys_user_post`
-- ----------------------------
DROP TABLE IF EXISTS `sys_user_post`;
CREATE TABLE `sys_user_post` (
  `user_id` int(11) NOT NULL COMMENT '用户ID',
  `post_id` int(11) NOT NULL COMMENT '岗位ID',
  PRIMARY KEY (`user_id`,`post_id`)
) ENGINE=InnoDB DEFAULT CHARSET=utf8 COMMENT='用户与岗位关联表';

-- ----------------------------
-- Records of sys_user_post
-- ----------------------------
INSERT INTO `sys_user_post` VALUES ('1', '1');

-- ----------------------------
-- Table structure for `sys_user_role`
-- ----------------------------
DROP TABLE IF EXISTS `sys_user_role`;
CREATE TABLE `sys_user_role` (
  `user_id` int(11) NOT NULL COMMENT '用户ID',
  `role_id` int(11) NOT NULL COMMENT '角色ID',
  PRIMARY KEY (`user_id`,`role_id`)
) ENGINE=InnoDB DEFAULT CHARSET=utf8 COMMENT='用户和角色关联表';

-- ----------------------------
-- Records of sys_user_role
-- ----------------------------
INSERT INTO `sys_user_role` VALUES ('1', '1');
INSERT INTO `sys_user_role` VALUES ('2', '2');

-- ----------------------------
-- Table structure for `treat_jnl`
-- ----------------------------
DROP TABLE IF EXISTS `treat_jnl`;
CREATE TABLE `treat_jnl` (
  `PATIENTID` varchar(10) DEFAULT NULL,
  `NUM` int(3) DEFAULT NULL,
  `TASK_SRL_NUM` varchar(16) DEFAULT NULL,
  `STATUS` varchar(1) DEFAULT NULL,
  `START_TIME` varchar(14) DEFAULT NULL,
  `END_TIME` varchar(14) DEFAULT NULL,
  `CONTEXT_INFO` text,
  `OPERATOR` varchar(18) DEFAULT NULL,
  `BUS_NO` varchar(20) NOT NULL,
  PRIMARY KEY (`BUS_NO`)
) ENGINE=InnoDB DEFAULT CHARSET=utf8 COMMENT='流程流水表';

-- ----------------------------
-- Records of treat_jnl
-- ----------------------------
INSERT INTO `treat_jnl` VALUES ('123', '9', null, '1', '20190406214812', null, null, null, '1554558492016000');
INSERT INTO `treat_jnl` VALUES ('123', '10', null, '1', '20190407163206', null, null, null, '1554625926700000');
INSERT INTO `treat_jnl` VALUES ('123', '10', null, '1', '20190407163724', null, null, null, '1554626244100000');
INSERT INTO `treat_jnl` VALUES ('123', '11', null, '1', '20190407164003', null, null, null, '1554626403108001');
INSERT INTO `treat_jnl` VALUES ('123', '12', null, '1', '20190410123937', null, null, null, '1554871177691000');
INSERT INTO `treat_jnl` VALUES ('123', '13', null, '1', '20190411091532', null, null, null, '1554945332806000');
INSERT INTO `treat_jnl` VALUES ('123', '14', null, '1', '20190411095926', null, null, null, '1554947966952001');
INSERT INTO `treat_jnl` VALUES ('123', '15', null, '1', '20190411113509', null, null, null, '1554953709789000');
INSERT INTO `treat_jnl` VALUES ('123', '16', null, '1', '20190411160420', null, null, null, '1554969860457000');
INSERT INTO `treat_jnl` VALUES ('123', '17', null, '1', '20190411160840', null, null, null, '1554970120181001');
INSERT INTO `treat_jnl` VALUES ('123', '18', null, '1', '20190411161317', null, null, null, '1554970397453002');
INSERT INTO `treat_jnl` VALUES ('123', '19', null, '1', '20190412165742', null, null, null, '1555059462331000');
INSERT INTO `treat_jnl` VALUES ('123', '20', null, '1', '20190412171044', null, null, null, '1555060244108001');
INSERT INTO `treat_jnl` VALUES ('123', '21', null, '1', '20190415163250', null, null, null, '1555317170262000');
INSERT INTO `treat_jnl` VALUES ('123', '22', null, '1', '20190415163254', null, null, null, '1555317174436001');
INSERT INTO `treat_jnl` VALUES ('123', '23', null, '1', '20190416164324', null, null, null, '1555404204518000');
INSERT INTO `treat_jnl` VALUES ('123', '24', null, '1', '20190416164329', null, null, null, '1555404209920001');
INSERT INTO `treat_jnl` VALUES ('123', '25', null, '1', '20190417164143', null, null, null, '1555490503888000');
INSERT INTO `treat_jnl` VALUES ('123', '26', null, '1', '20190421002355', null, null, null, '1555777435437000');
INSERT INTO `treat_jnl` VALUES ('123', '27', null, '1', '20190424103410', null, null, null, '1556073250117000');
INSERT INTO `treat_jnl` VALUES ('123', '28', null, '1', '20190515151240', null, null, null, '1557904360068000');
INSERT INTO `treat_jnl` VALUES ('123', '29', null, '1', '20190516092150', null, null, null, '1557969710170000');
INSERT INTO `treat_jnl` VALUES ('123', '30', null, '1', '20190516162256', null, null, null, '1557994976132000');
INSERT INTO `treat_jnl` VALUES ('123', '31', null, '1', '20190520112619', null, null, null, '1558322779350000');

-- ----------------------------
-- Table structure for `wf_nodeinfo`
-- ----------------------------
DROP TABLE IF EXISTS `wf_nodeinfo`;
CREATE TABLE `wf_nodeinfo` (
  `TEMPLATEID` varchar(32) NOT NULL,
  `NODEID` varchar(32) NOT NULL,
  `NODENAME` varchar(32) DEFAULT NULL,
  `NODETYPE` varchar(32) DEFAULT NULL,
  `NODECOMMENT` varchar(128) DEFAULT NULL,
  `FIRSTMANUALTASK` char(1) DEFAULT NULL,
  `PRENODEID` varchar(32) DEFAULT NULL,
  `NEXTNODEID` varchar(32) DEFAULT NULL,
  `ACTION` varchar(80) DEFAULT NULL,
  `INITACTION` varchar(80) DEFAULT NULL,
  `INPUTPAGENAME` varchar(80) DEFAULT NULL,
  PRIMARY KEY (`NODEID`,`TEMPLATEID`)
) ENGINE=InnoDB DEFAULT CHARSET=utf8;

-- ----------------------------
-- Records of wf_nodeinfo
-- ----------------------------
INSERT INTO `wf_nodeinfo` VALUES ('BeamWF', 'BeamNo1', '开始', 'START_NODE', '开始', 'N', '', 'BeamNo2', '', '', '');
INSERT INTO `wf_nodeinfo` VALUES ('BeamWF', 'BeamNo2', '脊形过滤器确认', 'HAND_TASK_NODE', '脊形过滤器确认', 'N', 'BeamNo1', 'BeamNo3', '#jobServiceA.service(paras)', '#beamCommonPageInit.beamN2Init(paras)', '/prework/inputPage/page');
INSERT INTO `wf_nodeinfo` VALUES ('BeamWF', 'BeamNo3', '射程移位器确认', 'HAND_TASK_NODE', '射程移位器确认', 'N', 'BeamNo2', 'BeamNo4', null, '#beamCommonPageInit.beamN3Init(paras)', '/prework/inputPage/page');
INSERT INTO `wf_nodeinfo` VALUES ('BeamWF', 'BeamNo4', '剂量配送确认', 'HAND_TASK_NODE', '剂量配送确认', 'N', 'BeamNo3', 'BeamNo5', null, '#beamCommonPageInit.beamN4Init(paras)', '/prework/inputPage/page');
INSERT INTO `wf_nodeinfo` VALUES ('BeamWF', 'BeamNo5', '等待TCP开始治疗按钮按下', 'HAND_TASK_NODE', '等待TCP开始治疗按钮按下', 'N', 'BeamNo4', 'BeamNo6', '#jobBeamActionService.serviceNo5(paras)', '#beamCommonPageInit.beamN5Init(paras)', '/prework/inputPage/page2');
INSERT INTO `wf_nodeinfo` VALUES ('BeamWF', 'BeamNo6', '结束', 'DONE_NODE', '结束', 'N', 'BeamNo5', null, null, null, null);
INSERT INTO `wf_nodeinfo` VALUES ('WF1', 'N1', '开始', 'START_NODE', '开始', 'N', '', 'N2', '', null, null);
INSERT INTO `wf_nodeinfo` VALUES ('WF1', 'N2', '启动治疗', 'HAND_TASK_NODE', '启动治疗', 'Y', 'N1', 'N3', '', null, null);
INSERT INTO `wf_nodeinfo` VALUES ('WF1', 'N3', '患者摆位', 'HAND_TASK_NODE', '患者摆位', 'N', 'N2', 'N8', '#jobServiceA.service(paras)', '#patientValidate.init(paras)', '/treat/patient_validate');
INSERT INTO `wf_nodeinfo` VALUES ('WF1', 'N8', '结束', 'DONE_NODE', '结束', 'N', 'N2', '', '#doneOneTreatService.service(paras)', null, null);

-- ----------------------------
-- Table structure for `wf_processjnl`
-- ----------------------------
DROP TABLE IF EXISTS `wf_processjnl`;
CREATE TABLE `wf_processjnl` (
  `TEMPLATEID` varchar(32) DEFAULT NULL,
  `PROCESSID` varchar(32) NOT NULL,
  `PROCESSNAME` varchar(32) DEFAULT NULL,
  `PROCESSCOMMENT` varchar(128) DEFAULT NULL,
  `PROCESSSTATE` int(11) DEFAULT NULL,
  `INITIATORID` varchar(16) DEFAULT NULL,
  `STARTEDTIME` varchar(32) DEFAULT NULL,
  `COMPLETEDTIME` varchar(32) DEFAULT NULL,
  `BUSTYPE` char(16) DEFAULT NULL,
  `BUSNO` varchar(32) DEFAULT NULL,
  `CONTEXTDATA` text,
  PRIMARY KEY (`PROCESSID`)
) ENGINE=InnoDB DEFAULT CHARSET=utf8;

-- ----------------------------
-- Records of wf_processjnl
-- ----------------------------
INSERT INTO `wf_processjnl` VALUES ('WF1', 'WF20190421002355001', '流程模版1', '测试流程模版1', '3', null, '2019-04-21 00:23:55.562', '2019-04-21 17:40:48.262', null, '123', '{\"PATIENT_ID\":\"123\",\"TEMPLATE_NAME\":\"WF1\",\"BUS_NO\":\"123\",\"TRAN_CODE\":\"8001\",\"PROCESS_ID\":\"WF20190421002355001\"}');
INSERT INTO `wf_processjnl` VALUES ('BeamWF', 'WF20190423102539003', '束流标定模板', '束流标定模板', '3', null, '2019-04-23 10:25:39.071', '2019-04-23 11:25:09.09', null, '1555986339061002', '{\"PATIENT_ID\":\"123\",\"TEMPLATE_NAME\":\"BeamWF\",\"BUS_NO\":\"1555986339061002\",\"TRAN_CODE\":\"6001\",\"PROCESS_ID\":\"WF20190423102539003\"}');
INSERT INTO `wf_processjnl` VALUES ('BeamWF', 'WF20190423112645001', '束流标定模板', '束流标定模板', '3', null, '2019-04-23 11:26:45.366', '2019-04-23 12:43:06.256', null, '1555990005351000', '{\"PATIENT_ID\":\"123\",\"TEMPLATE_NAME\":\"BeamWF\",\"BUS_NO\":\"1555990005351000\",\"TRAN_CODE\":\"6001\",\"PROCESS_ID\":\"WF20190423112645001\"}');
INSERT INTO `wf_processjnl` VALUES ('BeamWF', 'WF20190423124320001', '束流标定模板', '束流标定模板', '3', null, '2019-04-23 12:43:20.834', '2019-04-23 12:43:35.749', null, '1555994600817000', '{\"PATIENT_ID\":\"123\",\"TEMPLATE_NAME\":\"BeamWF\",\"BUS_NO\":\"1555994600817000\",\"TRAN_CODE\":\"6001\",\"PROCESS_ID\":\"WF20190423124320001\"}');
INSERT INTO `wf_processjnl` VALUES ('BeamWF', 'WF20190423171351001', '束流标定模板', '束流标定模板', '3', null, '2019-04-23 17:13:51.081', '2019-04-23 17:14:17.835', null, '1556010831060000', '{\"PATIENT_ID\":\"123\",\"TEMPLATE_NAME\":\"BeamWF\",\"BUS_NO\":\"1556010831060000\",\"TRAN_CODE\":\"6001\",\"PROCESS_ID\":\"WF20190423171351001\"}');
INSERT INTO `wf_processjnl` VALUES ('BeamWF', 'WF20190423171531002', '束流标定模板', '束流标定模板', '3', null, '2019-04-23 17:15:31.091', '2019-04-24 17:06:53.238', null, '1556010931076001', '{\"PATIENT_ID\":\"123\",\"TEMPLATE_NAME\":\"BeamWF\",\"BUS_NO\":\"1556010931076001\",\"TRAN_CODE\":\"6001\",\"PROCESS_ID\":\"WF20190423171531002\"}');
INSERT INTO `wf_processjnl` VALUES ('WF1', 'WF20190424103410001', '流程模版1', '测试流程模版1', '3', null, '2019-04-24 10:34:10.3', '2019-04-24 10:34:23.319', null, '123', '{\"PATIENT_ID\":\"123\",\"TEMPLATE_NAME\":\"WF1\",\"BUS_NO\":\"123\",\"TRAN_CODE\":\"8001\",\"PROCESS_ID\":\"WF20190424103410001\"}');
INSERT INTO `wf_processjnl` VALUES ('BeamWF', 'WF20190424112345001', '束流标定模板', '束流标定模板', '3', null, '2019-04-24 11:23:45.019', '2019-04-24 17:07:01.559', null, '1556076225001000', '{\"PATIENT_ID\":\"123\",\"TEMPLATE_NAME\":\"BeamWF\",\"BUS_NO\":\"1556076225001000\",\"TRAN_CODE\":\"6001\",\"PROCESS_ID\":\"WF20190424112345001\"}');
INSERT INTO `wf_processjnl` VALUES ('BeamWF', 'WF20190424171924001', '束流标定模板', '束流标定模板', '3', null, '2019-04-24 17:19:24.387', '2019-04-24 17:19:38.96', null, '1556097564370000', '{\"PATIENT_ID\":\"123\",\"TEMPLATE_NAME\":\"BeamWF\",\"BUS_NO\":\"1556097564370000\",\"TRAN_CODE\":\"6001\",\"PROCESS_ID\":\"WF20190424171924001\"}');
INSERT INTO `wf_processjnl` VALUES ('BeamWF', 'WF20190425093900001', '束流标定模板', '束流标定模板', '3', null, '2019-04-25 09:39:00.572', '2019-04-25 10:48:50.024', null, '1556156340555000', '{\"PATIENT_ID\":\"123\",\"TEMPLATE_NAME\":\"BeamWF\",\"BUS_NO\":\"1556156340555000\",\"TRAN_CODE\":\"6001\",\"PROCESS_ID\":\"WF20190425093900001\"}');
INSERT INTO `wf_processjnl` VALUES ('BeamWF', 'WF20190425104853002', '束流标定模板', '束流标定模板', '1', null, '2019-04-25 10:48:53.552', null, null, '1556160533544001', '{\"PATIENT_ID\":\"123\",\"TEMPLATE_NAME\":\"BeamWF\",\"BUS_NO\":\"1556160533544001\",\"TRAN_CODE\":\"6001\",\"PROCESS_ID\":\"WF20190425104853002\"}');
INSERT INTO `wf_processjnl` VALUES ('BeamWF', 'WF20190425150507001', '束流标定模板', '束流标定模板', '1', null, '2019-04-25 15:05:07.32', null, null, '1556175907303000', '{\"PATIENT_ID\":\"123\",\"TEMPLATE_NAME\":\"BeamWF\",\"BUS_NO\":\"1556175907303000\",\"TRAN_CODE\":\"6001\",\"PROCESS_ID\":\"WF20190425150507001\"}');
INSERT INTO `wf_processjnl` VALUES ('BeamWF', 'WF20190425150513002', '束流标定模板', '束流标定模板', '3', null, '2019-04-25 15:05:13.788', '2019-05-23 10:16:11.331', null, '1556175913784001', '{\"PATIENT_ID\":\"123\",\"TEMPLATE_NAME\":\"BeamWF\",\"BUS_NO\":\"1556175913784001\",\"TRAN_CODE\":\"6001\",\"PROCESS_ID\":\"WF20190425150513002\"}');
INSERT INTO `wf_processjnl` VALUES ('BeamWF', 'WF20190425192545001', '束流标定模板', '束流标定模板', '3', null, '2019-04-25 19:25:45.985', '2019-04-25 19:26:34.102', null, '1556191545961000', '{\"PATIENT_ID\":\"123\",\"TEMPLATE_NAME\":\"BeamWF\",\"BUS_NO\":\"1556191545961000\",\"TRAN_CODE\":\"6001\",\"PROCESS_ID\":\"WF20190425192545001\"}');
INSERT INTO `wf_processjnl` VALUES ('BeamWF', 'WF20190513155742001', '束流标定模板', '束流标定模板', '1', null, '2019-05-13 15:57:42.945', null, null, '1557734262853000', '{\"PATIENT_ID\":\"123\",\"TEMPLATE_NAME\":\"BeamWF\",\"BUS_NO\":\"1557734262853000\",\"TRAN_CODE\":\"6001\",\"PROCESS_ID\":\"WF20190513155742001\"}');
INSERT INTO `wf_processjnl` VALUES ('BeamWF', 'WF20190513164127001', '束流标定模板', '束流标定模板', '1', null, '2019-05-13 16:41:27.591', null, null, '1557736887569000', '{\"PATIENT_ID\":\"123\",\"TEMPLATE_NAME\":\"BeamWF\",\"BUS_NO\":\"1557736887569000\",\"TRAN_CODE\":\"6001\",\"PROCESS_ID\":\"WF20190513164127001\"}');
INSERT INTO `wf_processjnl` VALUES ('BeamWF', 'WF20190513164218002', '束流标定模板', '束流标定模板', '1', null, '2019-05-13 16:42:18.018', null, null, '1557736938005001', '{\"PATIENT_ID\":\"123\",\"TEMPLATE_NAME\":\"BeamWF\",\"BUS_NO\":\"1557736938005001\",\"TRAN_CODE\":\"6001\",\"PROCESS_ID\":\"WF20190513164218002\"}');
INSERT INTO `wf_processjnl` VALUES ('BeamWF', 'WF20190513165406003', '束流标定模板', '束流标定模板', '1', null, '2019-05-13 16:54:06.05', null, null, '1557737646042002', '{\"PATIENT_ID\":\"123\",\"TEMPLATE_NAME\":\"BeamWF\",\"BUS_NO\":\"1557737646042002\",\"TRAN_CODE\":\"6001\",\"PROCESS_ID\":\"WF20190513165406003\"}');
INSERT INTO `wf_processjnl` VALUES ('BeamWF', 'WF20190513170023004', '束流标定模板', '束流标定模板', '1', null, '2019-05-13 17:00:23.633', null, null, '1557738023625003', '{\"PATIENT_ID\":\"123\",\"TEMPLATE_NAME\":\"BeamWF\",\"BUS_NO\":\"1557738023625003\",\"TRAN_CODE\":\"6001\",\"PROCESS_ID\":\"WF20190513170023004\"}');
INSERT INTO `wf_processjnl` VALUES ('BeamWF', 'WF20190513170114005', '束流标定模板', '束流标定模板', '1', null, '2019-05-13 17:01:14.887', null, null, '1557738074881004', '{\"PATIENT_ID\":\"123\",\"TEMPLATE_NAME\":\"BeamWF\",\"BUS_NO\":\"1557738074881004\",\"TRAN_CODE\":\"6001\",\"PROCESS_ID\":\"WF20190513170114005\"}');
INSERT INTO `wf_processjnl` VALUES ('WF1', 'WF20190515151240001', '流程模版1', '测试流程模版1', '3', null, '2019-05-15 15:12:40.182', '2019-05-16 09:21:46.864', null, '123', '{\"PATIENT_ID\":\"123\",\"TEMPLATE_NAME\":\"WF1\",\"BUS_NO\":\"123\",\"TRAN_CODE\":\"8001\",\"PROCESS_ID\":\"WF20190515151240001\"}');
INSERT INTO `wf_processjnl` VALUES ('WF1', 'WF20190516092150001', '流程模版1', '测试流程模版1', '3', null, '2019-05-16 09:21:50.288', '2019-05-16 10:13:14.041', null, '123', '{\"PATIENT_ID\":\"123\",\"TEMPLATE_NAME\":\"WF1\",\"BUS_NO\":\"123\",\"TRAN_CODE\":\"8001\",\"PROCESS_ID\":\"WF20190516092150001\"}');
INSERT INTO `wf_processjnl` VALUES ('WF1', 'WF20190516162256001', '流程模版1', '测试流程模版1', '1', null, '2019-05-16 16:22:56.26', null, null, '1557994976132000', '{\"PATIENT_ID\":\"123\",\"TEMPLATE_NAME\":\"WF1\",\"BUS_NO\":\"1557994976132000\",\"TRAN_CODE\":\"8001\",\"PROCESS_ID\":\"WF20190516162256001\"}');
INSERT INTO `wf_processjnl` VALUES ('WF1', 'WF20190520112619001', '流程模版1', '测试流程模版1', '1', null, '2019-05-20 11:26:19.472', null, null, '1558322779350000', '{\"PATIENT_ID\":\"123\",\"TEMPLATE_NAME\":\"WF1\",\"BUS_NO\":\"1558322779350000\",\"TRAN_CODE\":\"8001\",\"PROCESS_ID\":\"WF20190520112619001\"}');
INSERT INTO `wf_processjnl` VALUES ('BeamWF', 'WF20190520155036001', '束流标定模板', '束流标定模板', '1', null, '2019-05-20 15:50:36.956', null, null, '1558338636941000', '{\"PATIENT_ID\":\"124\",\"TEMPLATE_NAME\":\"BeamWF\",\"BUS_NO\":\"1558338636941000\",\"TRAN_CODE\":\"6001\",\"PROCESS_ID\":\"WF20190520155036001\"}');
INSERT INTO `wf_processjnl` VALUES ('BeamWF', 'WF20190520163452002', '束流标定模板', '束流标定模板', '1', null, '2019-05-20 16:34:52.971', null, null, '1558341292962001', '{\"PATIENT_ID\":\"126\",\"TEMPLATE_NAME\":\"BeamWF\",\"BUS_NO\":\"1558341292962001\",\"TRAN_CODE\":\"6001\",\"PROCESS_ID\":\"WF20190520163452002\"}');

-- ----------------------------
-- Table structure for `wf_taskjnl`
-- ----------------------------
DROP TABLE IF EXISTS `wf_taskjnl`;
CREATE TABLE `wf_taskjnl` (
  `TEMPLATEID` varchar(32) DEFAULT NULL,
  `TEMPLATENAME` varchar(32) DEFAULT NULL,
  `PROCESSID` varchar(32) DEFAULT NULL,
  `PROCESSNAME` varchar(32) DEFAULT NULL,
  `TASKID` varchar(32) DEFAULT NULL,
  `NODEID` varchar(32) DEFAULT NULL,
  `ACTION` varchar(128) DEFAULT NULL,
  `TASKNAME` varchar(128) DEFAULT NULL,
  `TASKSTATE` int(11) DEFAULT NULL,
  `TASKCOMMENT` varchar(100) DEFAULT NULL,
  `BUSNO` varchar(32) DEFAULT NULL,
  `CREATE_USER` varchar(32) DEFAULT NULL,
  `EXECUTORID` varchar(16) DEFAULT NULL,
  `NEXT_USER` varchar(32) DEFAULT NULL,
  `CREATEDTIME` varchar(32) DEFAULT NULL,
  `STARTEDTIME` varchar(32) DEFAULT NULL,
  `COMPLETEDTIME` varchar(32) DEFAULT NULL
) ENGINE=InnoDB DEFAULT CHARSET=utf8;

-- ----------------------------
-- Records of wf_taskjnl
-- ----------------------------
INSERT INTO `wf_taskjnl` VALUES ('WF1', null, 'WF20190421002355001', '开始', 'NODE20190421002355001', 'N1', '', '开始', '16', '开始', '123', null, null, null, '2019-04-21 00:23:55.624', null, '2019-04-21 00:23:55.624');
INSERT INTO `wf_taskjnl` VALUES ('WF1', null, 'WF20190421002355001', '启动治疗', 'NODE20190421002355002', 'N2', '', '启动治疗', '16', '启动治疗', '123', null, null, null, '2019-04-21 00:23:55.698', null, '2019-04-21 00:23:55.698');
INSERT INTO `wf_taskjnl` VALUES ('WF1', null, 'WF20190421002355001', '患者摆位', 'NODE20190421002355003', 'N3', '#jobServiceA.service(paras)', '患者摆位', '16', '患者摆位', '123', null, null, null, '2019-04-21 00:23:55.743', null, '2019-04-21 17:40:48.176');
INSERT INTO `wf_taskjnl` VALUES ('WF1', null, 'WF20190421002355001', '结束', 'NODE20190421174048004', 'N8', '#doneOneTreatService.service(paras)', '结束', '16', '结束', '123', null, null, null, '2019-04-21 17:40:48.226', null, '2019-04-21 17:40:48.227');
INSERT INTO `wf_taskjnl` VALUES ('BeamWF', null, 'WF20190423102539003', '开始', 'NODE20190423102539011', 'BeamNo1', '', '开始', '16', '开始', '1555986339061002', null, null, null, '2019-04-23 10:25:39.174', null, '2019-04-23 10:25:39.174');
INSERT INTO `wf_taskjnl` VALUES ('BeamWF', null, 'WF20190423102539003', '脊形过滤器确认', 'NODE20190423102539012', 'BeamNo2', '#jobServiceA.service(paras)', '脊形过滤器确认', '16', '脊形过滤器确认', '1555986339061002', null, null, null, '2019-04-23 10:25:39.221', null, '2019-04-23 11:25:01.935');
INSERT INTO `wf_taskjnl` VALUES ('BeamWF', null, 'WF20190423102539003', '射程移位器确认', 'NODE20190423112502001', 'BeamNo3', null, '射程移位器确认', '16', '射程移位器确认', '1555986339061002', null, null, null, '2019-04-23 11:25:02.053', null, '2019-04-23 11:25:04.122');
INSERT INTO `wf_taskjnl` VALUES ('BeamWF', null, 'WF20190423102539003', '剂量配送确认', 'NODE20190423112504002', 'BeamNo4', null, '剂量配送确认', '16', '剂量配送确认', '1555986339061002', null, null, null, '2019-04-23 11:25:04.234', null, '2019-04-23 11:25:06.476');
INSERT INTO `wf_taskjnl` VALUES ('BeamWF', null, 'WF20190423102539003', '等待TCP开始治疗按钮按下', 'NODE20190423112506003', 'BeamNo5', '', '等待TCP开始治疗按钮按下', '16', '等待TCP开始治疗按钮按下', '1555986339061002', null, null, null, '2019-04-23 11:25:06.591', null, '2019-04-23 11:25:08.985');
INSERT INTO `wf_taskjnl` VALUES ('BeamWF', null, 'WF20190423102539003', '结束', 'NODE20190423112509004', 'BeamNo6', null, '结束', '16', '结束', '1555986339061002', null, null, null, '2019-04-23 11:25:09.041', null, '2019-04-23 11:25:09.041');
INSERT INTO `wf_taskjnl` VALUES ('BeamWF', null, 'WF20190423112645001', '开始', 'NODE20190423112645005', 'BeamNo1', '', '开始', '16', '开始', '1555990005351000', null, null, null, '2019-04-23 11:26:45.482', null, '2019-04-23 11:26:45.482');
INSERT INTO `wf_taskjnl` VALUES ('BeamWF', null, 'WF20190423112645001', '脊形过滤器确认', 'NODE20190423112645006', 'BeamNo2', '#jobServiceA.service(paras)', '脊形过滤器确认', '16', '脊形过滤器确认', '1555990005351000', null, null, null, '2019-04-23 11:26:45.581', null, '2019-04-23 11:26:47.521');
INSERT INTO `wf_taskjnl` VALUES ('BeamWF', null, 'WF20190423112645001', '射程移位器确认', 'NODE20190423112647007', 'BeamNo3', null, '射程移位器确认', '16', '射程移位器确认', '1555990005351000', null, null, null, '2019-04-23 11:26:47.802', null, '2019-04-23 11:26:49.603');
INSERT INTO `wf_taskjnl` VALUES ('BeamWF', null, 'WF20190423112645001', '剂量配送确认', 'NODE20190423112649008', 'BeamNo4', null, '剂量配送确认', '16', '剂量配送确认', '1555990005351000', null, null, null, '2019-04-23 11:26:49.929', null, '2019-04-23 11:26:51.682');
INSERT INTO `wf_taskjnl` VALUES ('BeamWF', null, 'WF20190423112645001', '等待TCP开始治疗按钮按下', 'NODE20190423112651009', 'BeamNo5', '#jobBeamActionService.serviceNo5(paras)', '等待TCP开始治疗按钮按下', '16', '等待TCP开始治疗按钮按下', '1555990005351000', null, null, null, '2019-04-23 11:26:51.841', null, '2019-04-23 12:43:06.149');
INSERT INTO `wf_taskjnl` VALUES ('BeamWF', null, 'WF20190423112645001', '结束', 'NODE20190423124306001', 'BeamNo6', null, '结束', '16', '结束', '1555990005351000', null, null, null, '2019-04-23 12:43:06.203', null, '2019-04-23 12:43:06.203');
INSERT INTO `wf_taskjnl` VALUES ('BeamWF', null, 'WF20190423124320001', '开始', 'NODE20190423124320002', 'BeamNo1', '', '开始', '16', '开始', '1555994600817000', null, null, null, '2019-04-23 12:43:20.899', null, '2019-04-23 12:43:20.899');
INSERT INTO `wf_taskjnl` VALUES ('BeamWF', null, 'WF20190423124320001', '脊形过滤器确认', 'NODE20190423124320003', 'BeamNo2', '#jobServiceA.service(paras)', '脊形过滤器确认', '16', '脊形过滤器确认', '1555994600817000', null, null, null, '2019-04-23 12:43:20.948', null, '2019-04-23 12:43:24.951');
INSERT INTO `wf_taskjnl` VALUES ('BeamWF', null, 'WF20190423124320001', '射程移位器确认', 'NODE20190423124325004', 'BeamNo3', null, '射程移位器确认', '16', '射程移位器确认', '1555994600817000', null, null, null, '2019-04-23 12:43:25.002', null, '2019-04-23 12:43:27.579');
INSERT INTO `wf_taskjnl` VALUES ('BeamWF', null, 'WF20190423124320001', '剂量配送确认', 'NODE20190423124327005', 'BeamNo4', null, '剂量配送确认', '16', '剂量配送确认', '1555994600817000', null, null, null, '2019-04-23 12:43:27.685', null, '2019-04-23 12:43:29.786');
INSERT INTO `wf_taskjnl` VALUES ('BeamWF', null, 'WF20190423124320001', '等待TCP开始治疗按钮按下', 'NODE20190423124329006', 'BeamNo5', '#jobBeamActionService.serviceNo5(paras)', '等待TCP开始治疗按钮按下', '16', '等待TCP开始治疗按钮按下', '1555994600817000', null, null, null, '2019-04-23 12:43:29.893', null, '2019-04-23 12:43:35.665');
INSERT INTO `wf_taskjnl` VALUES ('BeamWF', null, 'WF20190423124320001', '结束', 'NODE20190423124335007', 'BeamNo6', null, '结束', '16', '结束', '1555994600817000', null, null, null, '2019-04-23 12:43:35.707', null, '2019-04-23 12:43:35.707');
INSERT INTO `wf_taskjnl` VALUES ('BeamWF', null, 'WF20190423171351001', '开始', 'NODE20190423171351001', 'BeamNo1', '', '开始', '16', '开始', '1556010831060000', null, null, null, '2019-04-23 17:13:51.204', null, '2019-04-23 17:13:51.204');
INSERT INTO `wf_taskjnl` VALUES ('BeamWF', null, 'WF20190423171351001', '脊形过滤器确认', 'NODE20190423171351002', 'BeamNo2', '#jobServiceA.service(paras)', '脊形过滤器确认', '16', '脊形过滤器确认', '1556010831060000', null, null, null, '2019-04-23 17:13:51.313', null, '2019-04-23 17:14:00.684');
INSERT INTO `wf_taskjnl` VALUES ('BeamWF', null, 'WF20190423171351001', '射程移位器确认', 'NODE20190423171400003', 'BeamNo3', null, '射程移位器确认', '16', '射程移位器确认', '1556010831060000', null, null, null, '2019-04-23 17:14:00.788', null, '2019-04-23 17:14:05.021');
INSERT INTO `wf_taskjnl` VALUES ('BeamWF', null, 'WF20190423171351001', '剂量配送确认', 'NODE20190423171405004', 'BeamNo4', null, '剂量配送确认', '16', '剂量配送确认', '1556010831060000', null, null, null, '2019-04-23 17:14:05.125', null, '2019-04-23 17:14:07.405');
INSERT INTO `wf_taskjnl` VALUES ('BeamWF', null, 'WF20190423171351001', '等待TCP开始治疗按钮按下', 'NODE20190423171407005', 'BeamNo5', '#jobBeamActionService.serviceNo5(paras)', '等待TCP开始治疗按钮按下', '16', '等待TCP开始治疗按钮按下', '1556010831060000', null, null, null, '2019-04-23 17:14:07.562', null, '2019-04-23 17:14:17.739');
INSERT INTO `wf_taskjnl` VALUES ('BeamWF', null, 'WF20190423171351001', '结束', 'NODE20190423171417006', 'BeamNo6', null, '结束', '16', '结束', '1556010831060000', null, null, null, '2019-04-23 17:14:17.783', null, '2019-04-23 17:14:17.783');
INSERT INTO `wf_taskjnl` VALUES ('BeamWF', null, 'WF20190423171531002', '开始', 'NODE20190423171531007', 'BeamNo1', '', '开始', '16', '开始', '1556010931076001', null, null, null, '2019-04-23 17:15:31.195', null, '2019-04-23 17:15:31.196');
INSERT INTO `wf_taskjnl` VALUES ('BeamWF', null, 'WF20190423171531002', '脊形过滤器确认', 'NODE20190423171531008', 'BeamNo2', '#jobServiceA.service(paras)', '脊形过滤器确认', '16', '脊形过滤器确认', '1556010931076001', null, null, null, '2019-04-23 17:15:31.373', null, '2019-04-23 17:18:17.701');
INSERT INTO `wf_taskjnl` VALUES ('BeamWF', null, 'WF20190423171531002', '射程移位器确认', 'NODE20190423171817009', 'BeamNo3', null, '射程移位器确认', '16', '射程移位器确认', '1556010931076001', null, null, null, '2019-04-23 17:18:17.804', null, '2019-04-24 17:06:49.19');
INSERT INTO `wf_taskjnl` VALUES ('WF1', null, 'WF20190424103410001', '开始', 'NODE20190424103410001', 'N1', '', '开始', '16', '开始', '123', null, null, null, '2019-04-24 10:34:10.369', null, '2019-04-24 10:34:10.369');
INSERT INTO `wf_taskjnl` VALUES ('WF1', null, 'WF20190424103410001', '启动治疗', 'NODE20190424103410002', 'N2', '', '启动治疗', '16', '启动治疗', '123', null, null, null, '2019-04-24 10:34:10.42', null, '2019-04-24 10:34:10.42');
INSERT INTO `wf_taskjnl` VALUES ('WF1', null, 'WF20190424103410001', '患者摆位', 'NODE20190424103410003', 'N3', '#jobServiceA.service(paras)', '患者摆位', '16', '患者摆位', '123', null, null, null, '2019-04-24 10:34:10.471', null, '2019-04-24 10:34:23.167');
INSERT INTO `wf_taskjnl` VALUES ('WF1', null, 'WF20190424103410001', '结束', 'NODE20190424103423004', 'N8', '#doneOneTreatService.service(paras)', '结束', '16', '结束', '123', null, null, null, '2019-04-24 10:34:23.276', null, '2019-04-24 10:34:23.278');
INSERT INTO `wf_taskjnl` VALUES ('BeamWF', null, 'WF20190424112345001', '开始', 'NODE20190424112345001', 'BeamNo1', '', '开始', '16', '开始', '1556076225001000', null, null, null, '2019-04-24 11:23:45.164', null, '2019-04-24 11:23:45.164');
INSERT INTO `wf_taskjnl` VALUES ('BeamWF', null, 'WF20190424112345001', '脊形过滤器确认', 'NODE20190424112345002', 'BeamNo2', '#jobServiceA.service(paras)', '脊形过滤器确认', '16', '脊形过滤器确认', '1556076225001000', null, null, null, '2019-04-24 11:23:45.278', null, '2019-04-24 17:06:55.468');
INSERT INTO `wf_taskjnl` VALUES ('BeamWF', null, 'WF20190423171531002', '剂量配送确认', 'NODE20190424170649001', 'BeamNo4', null, '剂量配送确认', '16', '剂量配送确认', '1556010931076001', null, null, null, '2019-04-24 17:06:49.246', null, '2019-04-24 17:06:51.246');
INSERT INTO `wf_taskjnl` VALUES ('BeamWF', null, 'WF20190423171531002', '等待TCP开始治疗按钮按下', 'NODE20190424170651002', 'BeamNo5', '#jobBeamActionService.serviceNo5(paras)', '等待TCP开始治疗按钮按下', '16', '等待TCP开始治疗按钮按下', '1556010931076001', null, null, null, '2019-04-24 17:06:51.3', null, '2019-04-24 17:06:53.135');
INSERT INTO `wf_taskjnl` VALUES ('BeamWF', null, 'WF20190423171531002', '结束', 'NODE20190424170653003', 'BeamNo6', null, '结束', '16', '结束', '1556010931076001', null, null, null, '2019-04-24 17:06:53.183', null, '2019-04-24 17:06:53.183');
INSERT INTO `wf_taskjnl` VALUES ('BeamWF', null, 'WF20190424112345001', '射程移位器确认', 'NODE20190424170655004', 'BeamNo3', null, '射程移位器确认', '16', '射程移位器确认', '1556076225001000', null, null, null, '2019-04-24 17:06:55.522', null, '2019-04-24 17:06:57.477');
INSERT INTO `wf_taskjnl` VALUES ('BeamWF', null, 'WF20190424112345001', '剂量配送确认', 'NODE20190424170657005', 'BeamNo4', null, '剂量配送确认', '16', '剂量配送确认', '1556076225001000', null, null, null, '2019-04-24 17:06:57.529', null, '2019-04-24 17:06:59.612');
INSERT INTO `wf_taskjnl` VALUES ('BeamWF', null, 'WF20190424112345001', '等待TCP开始治疗按钮按下', 'NODE20190424170659006', 'BeamNo5', '#jobBeamActionService.serviceNo5(paras)', '等待TCP开始治疗按钮按下', '16', '等待TCP开始治疗按钮按下', '1556076225001000', null, null, null, '2019-04-24 17:06:59.71', null, '2019-04-24 17:07:01.467');
INSERT INTO `wf_taskjnl` VALUES ('BeamWF', null, 'WF20190424112345001', '结束', 'NODE20190424170701007', 'BeamNo6', null, '结束', '16', '结束', '1556076225001000', null, null, null, '2019-04-24 17:07:01.513', null, '2019-04-24 17:07:01.513');
INSERT INTO `wf_taskjnl` VALUES ('BeamWF', null, 'WF20190424171924001', '开始', 'NODE20190424171924001', 'BeamNo1', '', '开始', '16', '开始', '1556097564370000', null, null, null, '2019-04-24 17:19:24.499', null, '2019-04-24 17:19:24.499');
INSERT INTO `wf_taskjnl` VALUES ('BeamWF', null, 'WF20190424171924001', '脊形过滤器确认', 'NODE20190424171924002', 'BeamNo2', '#jobServiceA.service(paras)', '脊形过滤器确认', '16', '脊形过滤器确认', '1556097564370000', null, null, null, '2019-04-24 17:19:24.561', null, '2019-04-24 17:19:27.212');
INSERT INTO `wf_taskjnl` VALUES ('BeamWF', null, 'WF20190424171924001', '射程移位器确认', 'NODE20190424171927003', 'BeamNo3', null, '射程移位器确认', '16', '射程移位器确认', '1556097564370000', null, null, null, '2019-04-24 17:19:27.318', null, '2019-04-24 17:19:29.115');
INSERT INTO `wf_taskjnl` VALUES ('BeamWF', null, 'WF20190424171924001', '剂量配送确认', 'NODE20190424171929004', 'BeamNo4', null, '剂量配送确认', '16', '剂量配送确认', '1556097564370000', null, null, null, '2019-04-24 17:19:29.209', null, '2019-04-24 17:19:30.908');
INSERT INTO `wf_taskjnl` VALUES ('BeamWF', null, 'WF20190424171924001', '等待TCP开始治疗按钮按下', 'NODE20190424171931005', 'BeamNo5', '#jobBeamActionService.serviceNo5(paras)', '等待TCP开始治疗按钮按下', '16', '等待TCP开始治疗按钮按下', '1556097564370000', null, null, null, '2019-04-24 17:19:31.015', null, '2019-04-24 17:19:38.834');
INSERT INTO `wf_taskjnl` VALUES ('BeamWF', null, 'WF20190424171924001', '结束', 'NODE20190424171938006', 'BeamNo6', null, '结束', '16', '结束', '1556097564370000', null, null, null, '2019-04-24 17:19:38.907', null, '2019-04-24 17:19:38.907');
INSERT INTO `wf_taskjnl` VALUES ('BeamWF', null, 'WF20190425093900001', '开始', 'NODE20190425093900001', 'BeamNo1', '', '开始', '16', '开始', '1556156340555000', null, null, null, '2019-04-25 09:39:00.683', null, '2019-04-25 09:39:00.683');
INSERT INTO `wf_taskjnl` VALUES ('BeamWF', null, 'WF20190425093900001', '脊形过滤器确认', 'NODE20190425093900002', 'BeamNo2', '#jobServiceA.service(paras)', '脊形过滤器确认', '16', '脊形过滤器确认', '1556156340555000', null, null, null, '2019-04-25 09:39:00.832', null, '2019-04-25 10:48:44.327');
INSERT INTO `wf_taskjnl` VALUES ('BeamWF', null, 'WF20190425093900001', '射程移位器确认', 'NODE20190425104844003', 'BeamNo3', null, '射程移位器确认', '16', '射程移位器确认', '1556156340555000', null, null, null, '2019-04-25 10:48:44.429', null, '2019-04-25 10:48:46.224');
INSERT INTO `wf_taskjnl` VALUES ('BeamWF', null, 'WF20190425093900001', '剂量配送确认', 'NODE20190425104846004', 'BeamNo4', null, '剂量配送确认', '16', '剂量配送确认', '1556156340555000', null, null, null, '2019-04-25 10:48:46.277', null, '2019-04-25 10:48:48.239');
INSERT INTO `wf_taskjnl` VALUES ('BeamWF', null, 'WF20190425093900001', '等待TCP开始治疗按钮按下', 'NODE20190425104848005', 'BeamNo5', '#jobBeamActionService.serviceNo5(paras)', '等待TCP开始治疗按钮按下', '16', '等待TCP开始治疗按钮按下', '1556156340555000', null, null, null, '2019-04-25 10:48:48.282', null, '2019-04-25 10:48:49.939');
INSERT INTO `wf_taskjnl` VALUES ('BeamWF', null, 'WF20190425093900001', '结束', 'NODE20190425104849006', 'BeamNo6', null, '结束', '16', '结束', '1556156340555000', null, null, null, '2019-04-25 10:48:49.976', null, '2019-04-25 10:48:49.976');
INSERT INTO `wf_taskjnl` VALUES ('BeamWF', null, 'WF20190425104853002', '开始', 'NODE20190425104853007', 'BeamNo1', '', '开始', '16', '开始', '1556160533544001', null, null, null, '2019-04-25 10:48:53.648', null, '2019-04-25 10:48:53.648');
INSERT INTO `wf_taskjnl` VALUES ('BeamWF', null, 'WF20190425104853002', '脊形过滤器确认', 'NODE20190425104853008', 'BeamNo2', '#jobServiceA.service(paras)', '脊形过滤器确认', '1', '脊形过滤器确认', '1556160533544001', null, null, null, '2019-04-25 10:48:53.75', null, null);
INSERT INTO `wf_taskjnl` VALUES ('BeamWF', null, 'WF20190425150507001', '开始', 'NODE20190425150507001', 'BeamNo1', '', '开始', '16', '开始', '1556175907303000', null, null, null, '2019-04-25 15:05:07.43', null, '2019-04-25 15:05:07.43');
INSERT INTO `wf_taskjnl` VALUES ('BeamWF', null, 'WF20190425150507001', '脊形过滤器确认', 'NODE20190425150507002', 'BeamNo2', '#jobServiceA.service(paras)', '脊形过滤器确认', '1', '脊形过滤器确认', '1556175907303000', null, null, null, '2019-04-25 15:05:07.47', null, null);
INSERT INTO `wf_taskjnl` VALUES ('BeamWF', null, 'WF20190425150513002', '开始', 'NODE20190425150513003', 'BeamNo1', '', '开始', '16', '开始', '1556175913784001', null, null, null, '2019-04-25 15:05:13.883', null, '2019-04-25 15:05:13.883');
INSERT INTO `wf_taskjnl` VALUES ('BeamWF', null, 'WF20190425150513002', '脊形过滤器确认', 'NODE20190425150513004', 'BeamNo2', '#jobServiceA.service(paras)', '脊形过滤器确认', '16', '脊形过滤器确认', '1556175913784001', null, null, null, '2019-04-25 15:05:13.93', null, '2019-05-13 19:53:21.32');
INSERT INTO `wf_taskjnl` VALUES ('BeamWF', null, 'WF20190425192545001', '开始', 'NODE20190425192546001', 'BeamNo1', '', '开始', '16', '开始', '1556191545961000', null, null, null, '2019-04-25 19:25:46.107', null, '2019-04-25 19:25:46.107');
INSERT INTO `wf_taskjnl` VALUES ('BeamWF', null, 'WF20190425192545001', '脊形过滤器确认', 'NODE20190425192546002', 'BeamNo2', '#jobServiceA.service(paras)', '脊形过滤器确认', '16', '脊形过滤器确认', '1556191545961000', null, null, null, '2019-04-25 19:25:46.207', null, '2019-04-25 19:26:05.415');
INSERT INTO `wf_taskjnl` VALUES ('BeamWF', null, 'WF20190425192545001', '射程移位器确认', 'NODE20190425192605003', 'BeamNo3', null, '射程移位器确认', '16', '射程移位器确认', '1556191545961000', null, null, null, '2019-04-25 19:26:05.512', null, '2019-04-25 19:26:29.408');
INSERT INTO `wf_taskjnl` VALUES ('BeamWF', null, 'WF20190425192545001', '剂量配送确认', 'NODE20190425192629004', 'BeamNo4', null, '剂量配送确认', '16', '剂量配送确认', '1556191545961000', null, null, null, '2019-04-25 19:26:29.47', null, '2019-04-25 19:26:31.741');
INSERT INTO `wf_taskjnl` VALUES ('BeamWF', null, 'WF20190425192545001', '等待TCP开始治疗按钮按下', 'NODE20190425192631005', 'BeamNo5', '#jobBeamActionService.serviceNo5(paras)', '等待TCP开始治疗按钮按下', '16', '等待TCP开始治疗按钮按下', '1556191545961000', null, null, null, '2019-04-25 19:26:31.845', null, '2019-04-25 19:26:33.983');
INSERT INTO `wf_taskjnl` VALUES ('BeamWF', null, 'WF20190425192545001', '结束', 'NODE20190425192634006', 'BeamNo6', null, '结束', '16', '结束', '1556191545961000', null, null, null, '2019-04-25 19:26:34.052', null, '2019-04-25 19:26:34.052');
INSERT INTO `wf_taskjnl` VALUES ('BeamWF', null, 'WF20190513155742001', '开始', 'NODE20190513155910001', 'BeamNo1', '', '开始', '16', '开始', '1557734262853000', null, null, null, '2019-05-13 15:59:10.934', null, '2019-05-13 15:59:10.934');
INSERT INTO `wf_taskjnl` VALUES ('BeamWF', null, 'WF20190513155742001', '脊形过滤器确认', 'NODE20190513155910002', 'BeamNo2', '#jobServiceA.service(paras)', '脊形过滤器确认', '1', '脊形过滤器确认', '1557734262853000', null, null, null, '2019-05-13 15:59:10.98', null, null);
INSERT INTO `wf_taskjnl` VALUES ('BeamWF', null, 'WF20190513164127001', '开始', 'NODE20190513164131001', 'BeamNo1', '', '开始', '16', '开始', '1557736887569000', null, null, null, '2019-05-13 16:41:31.559', null, '2019-05-13 16:41:31.559');
INSERT INTO `wf_taskjnl` VALUES ('BeamWF', null, 'WF20190513164127001', '脊形过滤器确认', 'NODE20190513164131002', 'BeamNo2', '#jobServiceA.service(paras)', '脊形过滤器确认', '1', '脊形过滤器确认', '1557736887569000', null, null, null, '2019-05-13 16:41:31.597', null, null);
INSERT INTO `wf_taskjnl` VALUES ('BeamWF', null, 'WF20190513164218002', '开始', 'NODE20190513164220003', 'BeamNo1', '', '开始', '16', '开始', '1557736938005001', null, null, null, '2019-05-13 16:42:20.236', null, '2019-05-13 16:42:20.236');
INSERT INTO `wf_taskjnl` VALUES ('BeamWF', null, 'WF20190513164218002', '脊形过滤器确认', 'NODE20190513164220004', 'BeamNo2', '#jobServiceA.service(paras)', '脊形过滤器确认', '1', '脊形过滤器确认', '1557736938005001', null, null, null, '2019-05-13 16:42:20.351', null, null);
INSERT INTO `wf_taskjnl` VALUES ('BeamWF', null, 'WF20190513165406003', '开始', 'NODE20190513165409005', 'BeamNo1', '', '开始', '16', '开始', '1557737646042002', null, null, null, '2019-05-13 16:54:09.564', null, '2019-05-13 16:54:09.564');
INSERT INTO `wf_taskjnl` VALUES ('BeamWF', null, 'WF20190513165406003', '脊形过滤器确认', 'NODE20190513165409006', 'BeamNo2', '#jobServiceA.service(paras)', '脊形过滤器确认', '1', '脊形过滤器确认', '1557737646042002', null, null, null, '2019-05-13 16:54:09.613', null, null);
INSERT INTO `wf_taskjnl` VALUES ('BeamWF', null, 'WF20190513170023004', '开始', 'NODE20190513170027007', 'BeamNo1', '', '开始', '16', '开始', '1557738023625003', null, null, null, '2019-05-13 17:00:27.589', null, '2019-05-13 17:00:27.589');
INSERT INTO `wf_taskjnl` VALUES ('BeamWF', null, 'WF20190513170023004', '脊形过滤器确认', 'NODE20190513170027008', 'BeamNo2', '#jobServiceA.service(paras)', '脊形过滤器确认', '1', '脊形过滤器确认', '1557738023625003', null, null, null, '2019-05-13 17:00:27.64', null, null);
INSERT INTO `wf_taskjnl` VALUES ('BeamWF', null, 'WF20190513170114005', '开始', 'NODE20190513170124009', 'BeamNo1', '', '开始', '16', '开始', '1557738074881004', null, null, null, '2019-05-13 17:01:24.247', null, '2019-05-13 17:01:24.247');
INSERT INTO `wf_taskjnl` VALUES ('BeamWF', null, 'WF20190513170114005', '脊形过滤器确认', 'NODE20190513170124010', 'BeamNo2', '#jobServiceA.service(paras)', '脊形过滤器确认', '1', '脊形过滤器确认', '1557738074881004', null, null, null, '2019-05-13 17:01:24.293', null, null);
INSERT INTO `wf_taskjnl` VALUES ('BeamWF', null, 'WF20190425150513002', '射程移位器确认', 'NODE20190513195321001', 'BeamNo3', null, '射程移位器确认', '16', '射程移位器确认', '1556175913784001', null, null, null, '2019-05-13 19:53:21.423', null, '2019-05-13 19:54:14.794');
INSERT INTO `wf_taskjnl` VALUES ('BeamWF', null, 'WF20190425150513002', '剂量配送确认', 'NODE20190513195414002', 'BeamNo4', null, '剂量配送确认', '16', '剂量配送确认', '1556175913784001', null, null, null, '2019-05-13 19:54:14.902', null, '2019-05-16 10:55:02.27');
INSERT INTO `wf_taskjnl` VALUES ('WF1', null, 'WF20190515151240001', '开始', 'NODE20190515151240001', 'N1', '', '开始', '16', '开始', '123', null, null, null, '2019-05-15 15:12:40.226', null, '2019-05-15 15:12:40.226');
INSERT INTO `wf_taskjnl` VALUES ('WF1', null, 'WF20190515151240001', '启动治疗', 'NODE20190515151240002', 'N2', '', '启动治疗', '16', '启动治疗', '123', null, null, null, '2019-05-15 15:12:40.274', null, '2019-05-15 15:12:40.274');
INSERT INTO `wf_taskjnl` VALUES ('WF1', null, 'WF20190515151240001', '患者摆位', 'NODE20190515151240003', 'N3', '#jobServiceA.service(paras)', '患者摆位', '16', '患者摆位', '123', null, null, null, '2019-05-15 15:12:40.315', null, '2019-05-16 09:21:46.74');
INSERT INTO `wf_taskjnl` VALUES ('WF1', null, 'WF20190515151240001', '结束', 'NODE20190516092146001', 'N8', '#doneOneTreatService.service(paras)', '结束', '16', '结束', '123', null, null, null, '2019-05-16 09:21:46.808', null, '2019-05-16 09:21:46.81');
INSERT INTO `wf_taskjnl` VALUES ('WF1', null, 'WF20190516092150001', '开始', 'NODE20190516092150002', 'N1', '', '开始', '16', '开始', '123', null, null, null, '2019-05-16 09:21:50.337', null, '2019-05-16 09:21:50.337');
INSERT INTO `wf_taskjnl` VALUES ('WF1', null, 'WF20190516092150001', '启动治疗', 'NODE20190516092150003', 'N2', '', '启动治疗', '16', '启动治疗', '123', null, null, null, '2019-05-16 09:21:50.393', null, '2019-05-16 09:21:50.393');
INSERT INTO `wf_taskjnl` VALUES ('WF1', null, 'WF20190516092150001', '患者摆位', 'NODE20190516092150004', 'N3', '#jobServiceA.service(paras)', '患者摆位', '16', '患者摆位', '123', null, null, null, '2019-05-16 09:21:50.457', null, '2019-05-16 10:13:13.866');
INSERT INTO `wf_taskjnl` VALUES ('WF1', null, 'WF20190516092150001', '结束', 'NODE20190516101313001', 'N8', '#doneOneTreatService.service(paras)', '结束', '16', '结束', '123', null, null, null, '2019-05-16 10:13:13.978', null, '2019-05-16 10:13:13.979');
INSERT INTO `wf_taskjnl` VALUES ('BeamWF', null, 'WF20190425150513002', '等待TCP开始治疗按钮按下', 'NODE20190516105502001', 'BeamNo5', '#jobBeamActionService.serviceNo5(paras)', '等待TCP开始治疗按钮按下', '16', '等待TCP开始治疗按钮按下', '1556175913784001', null, null, null, '2019-05-16 10:55:02.383', null, '2019-05-23 10:16:11.19');
INSERT INTO `wf_taskjnl` VALUES ('WF1', null, 'WF20190516162256001', '开始', 'NODE20190516162256002', 'N1', '', '开始', '16', '开始', '1557994976132000', null, null, null, '2019-05-16 16:22:56.337', null, '2019-05-16 16:22:56.337');
INSERT INTO `wf_taskjnl` VALUES ('WF1', null, 'WF20190516162256001', '启动治疗', 'NODE20190516162256003', 'N2', '', '启动治疗', '16', '启动治疗', '1557994976132000', null, null, null, '2019-05-16 16:22:56.434', null, '2019-05-16 16:22:56.434');
INSERT INTO `wf_taskjnl` VALUES ('WF1', null, 'WF20190516162256001', '患者摆位', 'NODE20190516162256004', 'N3', '#jobServiceA.service(paras)', '患者摆位', '1', '患者摆位', '1557994976132000', null, null, null, '2019-05-16 16:22:56.55', null, null);
INSERT INTO `wf_taskjnl` VALUES ('WF1', null, 'WF20190520112619001', '开始', 'NODE20190520112619001', 'N1', '', '开始', '16', '开始', '1558322779350000', null, null, null, '2019-05-20 11:26:19.602', null, '2019-05-20 11:26:19.602');
INSERT INTO `wf_taskjnl` VALUES ('WF1', null, 'WF20190520112619001', '启动治疗', 'NODE20190520112619002', 'N2', '', '启动治疗', '16', '启动治疗', '1558322779350000', null, null, null, '2019-05-20 11:26:19.651', null, '2019-05-20 11:26:19.651');
INSERT INTO `wf_taskjnl` VALUES ('WF1', null, 'WF20190520112619001', '患者摆位', 'NODE20190520112619003', 'N3', '#jobServiceA.service(paras)', '患者摆位', '1', '患者摆位', '1558322779350000', null, null, null, '2019-05-20 11:26:19.7', null, null);
INSERT INTO `wf_taskjnl` VALUES ('BeamWF', null, 'WF20190520155036001', '开始', 'NODE20190520155037001', 'BeamNo1', '', '开始', '16', '开始', '1558338636941000', null, null, null, '2019-05-20 15:50:37.083', null, '2019-05-20 15:50:37.083');
INSERT INTO `wf_taskjnl` VALUES ('BeamWF', null, 'WF20190520155036001', '脊形过滤器确认', 'NODE20190520155037002', 'BeamNo2', '#jobServiceA.service(paras)', '脊形过滤器确认', '1', '脊形过滤器确认', '1558338636941000', null, null, null, '2019-05-20 15:50:37.128', null, null);
INSERT INTO `wf_taskjnl` VALUES ('BeamWF', null, 'WF20190520163452002', '开始', 'NODE20190520163453003', 'BeamNo1', '', '开始', '16', '开始', '1558341292962001', null, null, null, '2019-05-20 16:34:53.068', null, '2019-05-20 16:34:53.068');
INSERT INTO `wf_taskjnl` VALUES ('BeamWF', null, 'WF20190520163452002', '脊形过滤器确认', 'NODE20190520163453004', 'BeamNo2', '#jobServiceA.service(paras)', '脊形过滤器确认', '1', '脊形过滤器确认', '1558341292962001', null, null, null, '2019-05-20 16:34:53.111', null, null);
INSERT INTO `wf_taskjnl` VALUES ('BeamWF', null, 'WF20190425150513002', '结束', 'NODE20190523101611001', 'BeamNo6', null, '结束', '16', '结束', '1556175913784001', null, null, null, '2019-05-23 10:16:11.221', null, '2019-05-23 10:16:11.221');

-- ----------------------------
-- Table structure for `wf_templateinfo`
-- ----------------------------
DROP TABLE IF EXISTS `wf_templateinfo`;
CREATE TABLE `wf_templateinfo` (
  `TEMPLATEID` varchar(32) NOT NULL,
  `TEMPLATENAME` varchar(32) DEFAULT NULL,
  `TEMPLATECOMMENT` varchar(128) DEFAULT NULL,
  `STARTTASK` varchar(128) DEFAULT NULL,
  PRIMARY KEY (`TEMPLATEID`)
) ENGINE=InnoDB DEFAULT CHARSET=utf8;

-- ----------------------------
-- Records of wf_templateinfo
-- ----------------------------
INSERT INTO `wf_templateinfo` VALUES ('BeamWF', '束流标定模板', '束流标定模板', null);
INSERT INTO `wf_templateinfo` VALUES ('WF1', '流程模版1', '测试流程模版1', null);

-- ----------------------------
-- Table structure for `work_job`
-- ----------------------------
DROP TABLE IF EXISTS `work_job`;
CREATE TABLE `work_job` (
  `TASK_CODE` varchar(32) NOT NULL,
  `JOB_NO` int(3) NOT NULL,
  `JOB_NAME` varchar(64) NOT NULL,
  `JOB_TYPE` char(1) DEFAULT NULL,
  `JOB_EXPLAIN` varchar(128) DEFAULT NULL,
  `VALID_FG` varchar(1) NOT NULL,
  `EXC_CONDITION` varchar(512) DEFAULT NULL,
  `SERVICE` varchar(128) NOT NULL,
  `EX_HANDLE_FG` varchar(1) NOT NULL,
  `MAX_TRIGGER_QT` int(5) DEFAULT NULL,
  `REPEAT_INTERVAL` int(5) DEFAULT NULL,
  PRIMARY KEY (`TASK_CODE`,`JOB_NO`)
) ENGINE=InnoDB DEFAULT CHARSET=utf8 COMMENT='流程配置表';

-- ----------------------------
-- Records of work_job
-- ----------------------------
INSERT INTO `work_job` VALUES ('WF1', '1', '设备初始化', '1', '设备初始化', 'Y', '1=1', '#jobServiceA.service(paras)', '1', '0', '0');
INSERT INTO `work_job` VALUES ('WF1', '2', '患者摆位', '1', '患者摆位', 'Y', '1=1', '#jobServiceB.service(paras)', '1', '0', '0');
INSERT INTO `work_job` VALUES ('WF1', '3', '放疗', '1', '放疗', 'Y', '1=1', '#jobServiceC.service(paras)', '1', '0', '0');

-- ----------------------------
-- Table structure for `work_job_jnl`
-- ----------------------------
DROP TABLE IF EXISTS `work_job_jnl`;
CREATE TABLE `work_job_jnl` (
  `TASK_CODE` varchar(32) NOT NULL,
  `TASK_SRL_NUM` varchar(16) NOT NULL,
  `JOB_NO` int(3) NOT NULL,
  `JOB_EXPLAIN` varchar(28) DEFAULT NULL,
  `JOB_TYPE` char(1) DEFAULT NULL,
  `STATUS` char(1) NOT NULL,
  `START_TIME` varchar(14) DEFAULT NULL,
  `END_TIME` varchar(14) DEFAULT NULL,
  `DO_NUM` int(3) NOT NULL,
  `EX_INFO` varchar(512) DEFAULT NULL,
  `OPERATOR` varchar(20) DEFAULT NULL,
  PRIMARY KEY (`TASK_CODE`,`TASK_SRL_NUM`,`JOB_NO`)
) ENGINE=InnoDB DEFAULT CHARSET=utf8 COMMENT='流程任务流水表';

-- ----------------------------
-- Records of work_job_jnl
-- ----------------------------
INSERT INTO `work_job_jnl` VALUES ('WF1', '1553818716285001', '1', '设备初始化', '1', '0', null, null, '0', null, null);
INSERT INTO `work_job_jnl` VALUES ('WF1', '1553818716285001', '2', '患者摆位', '1', '0', null, null, '0', null, null);
INSERT INTO `work_job_jnl` VALUES ('WF1', '1553818716285001', '3', '放疗', '1', '0', null, null, '0', null, null);
INSERT INTO `work_job_jnl` VALUES ('WF1', '1553819238309003', '1', '设备初始化', '1', '0', null, null, '0', null, null);
INSERT INTO `work_job_jnl` VALUES ('WF1', '1553819238309003', '2', '患者摆位', '1', '0', null, null, '0', null, null);
INSERT INTO `work_job_jnl` VALUES ('WF1', '1553819238309003', '3', '放疗', '1', '0', null, null, '0', null, null);
INSERT INTO `work_job_jnl` VALUES ('WF1', '1553819358966001', '1', '设备初始化', '1', '0', null, null, '0', null, null);
INSERT INTO `work_job_jnl` VALUES ('WF1', '1553819358966001', '2', '患者摆位', '1', '0', null, null, '0', null, null);
INSERT INTO `work_job_jnl` VALUES ('WF1', '1553819358966001', '3', '放疗', '1', '0', null, null, '0', null, null);
INSERT INTO `work_job_jnl` VALUES ('WF1', '1553819720757001', '1', '设备初始化', '1', '0', null, null, '0', null, null);
INSERT INTO `work_job_jnl` VALUES ('WF1', '1553819720757001', '2', '患者摆位', '1', '0', null, null, '0', null, null);
INSERT INTO `work_job_jnl` VALUES ('WF1', '1553819720757001', '3', '放疗', '1', '0', null, null, '0', null, null);
INSERT INTO `work_job_jnl` VALUES ('WF1', '1553819812087001', '1', '设备初始化', '1', '0', null, null, '0', null, null);
INSERT INTO `work_job_jnl` VALUES ('WF1', '1553819812087001', '2', '患者摆位', '1', '0', null, null, '0', null, null);
INSERT INTO `work_job_jnl` VALUES ('WF1', '1553819812087001', '3', '放疗', '1', '0', null, null, '0', null, null);
INSERT INTO `work_job_jnl` VALUES ('WF1', '1553820284366001', '1', '设备初始化', '1', '0', null, null, '0', null, null);
INSERT INTO `work_job_jnl` VALUES ('WF1', '1553820284366001', '2', '患者摆位', '1', '0', null, null, '0', null, null);
INSERT INTO `work_job_jnl` VALUES ('WF1', '1553820284366001', '3', '放疗', '1', '0', null, null, '0', null, null);
INSERT INTO `work_job_jnl` VALUES ('WF1', '1553823315971001', '1', '设备初始化', '1', '0', null, null, '0', null, null);
INSERT INTO `work_job_jnl` VALUES ('WF1', '1553823315971001', '2', '患者摆位', '1', '0', null, null, '0', null, null);
INSERT INTO `work_job_jnl` VALUES ('WF1', '1553823315971001', '3', '放疗', '1', '0', null, null, '0', null, null);
INSERT INTO `work_job_jnl` VALUES ('WF1', '1553823593217001', '1', '设备初始化', '1', '2', '20190329093953', '20190329093953', '0', null, null);
INSERT INTO `work_job_jnl` VALUES ('WF1', '1553823593217001', '2', '患者摆位', '1', '2', '20190329093953', '20190329093953', '0', null, null);
INSERT INTO `work_job_jnl` VALUES ('WF1', '1553823593217001', '3', '放疗', '1', '2', '20190329093953', '20190329093953', '0', null, null);
INSERT INTO `work_job_jnl` VALUES ('WF1', '2018020710000061', '1', '设备初始化', '0', '2', '20180207094246', '20180207094247', '1', '', null);
INSERT INTO `work_job_jnl` VALUES ('WF1', '2018020710000061', '2', '患者摆位', '1', '2', '20180207094247', '20180207094247', '1', '', null);
INSERT INTO `work_job_jnl` VALUES ('WF1', '2018020710000061', '3', '放疗', '0', '2', '20180207094247', '20180207094248', '1', '', null);
INSERT INTO `work_job_jnl` VALUES ('WF1', '2018020710000062', '1', '设备初始化', '0', '2', '20180228101500', '20180228101500', '1', null, null);
INSERT INTO `work_job_jnl` VALUES ('WF1', '2018020710000062', '2', '患者摆位', '0', '2', '20180207094248', '20180207094248', '1', '', null);
INSERT INTO `work_job_jnl` VALUES ('WF1', '2018020710000062', '3', '放疗', '1', '2', '20180228101459', '20180228101500', '1', '', null);
INSERT INTO `work_job_jnl` VALUES ('WF2', '2018020710000073', '1', '设备初始化', '0', '2', '20180228101500', '20180228101500', '1', '', null);
INSERT INTO `work_job_jnl` VALUES ('WF2', '2018020710000073', '2', '患者摆位', '1', '0', '', '', '1', '', null);

-- ----------------------------
-- Table structure for `work_router`
-- ----------------------------
DROP TABLE IF EXISTS `work_router`;
CREATE TABLE `work_router` (
  `ROUTER_CODE` varchar(32) NOT NULL,
  `ROUTER_NAME` varchar(64) NOT NULL,
  `ROUTER_EXPLAIN` varchar(128) DEFAULT NULL,
  `VALID_FG` char(1) NOT NULL,
  `TASK_CODE` varchar(32) NOT NULL,
  `DEAL_FG` char(1) NOT NULL,
  PRIMARY KEY (`ROUTER_CODE`)
) ENGINE=InnoDB DEFAULT CHARSET=utf8 COMMENT='路由配置表';

-- ----------------------------
-- Records of work_router
-- ----------------------------
INSERT INTO `work_router` VALUES ('6001', '束流标定交易', '调用流程模板4', 'Y', 'BeamWF', '1');
INSERT INTO `work_router` VALUES ('7001', '设备初始化交易', '调用流程模板3', 'Y', 'WF3', '1');
INSERT INTO `work_router` VALUES ('8001', '启动治疗交易', '调用流程模板1', 'Y', 'WF1', '1');
INSERT INTO `work_router` VALUES ('9001', '模拟治疗交易', '调用流程模板2', 'Y', 'WF2', '1');

-- ----------------------------
-- Table structure for `work_task`
-- ----------------------------
DROP TABLE IF EXISTS `work_task`;
CREATE TABLE `work_task` (
  `TASK_CODE` char(32) COLLATE utf8mb4_unicode_ci NOT NULL,
  `TASK_NAME` char(64) COLLATE utf8mb4_unicode_ci NOT NULL,
  `TASK_EXPLAIN` char(128) COLLATE utf8mb4_unicode_ci DEFAULT NULL,
  `VALID_FG` char(1) COLLATE utf8mb4_unicode_ci NOT NULL,
  `TASK_PRIOR` int(3) NOT NULL,
  PRIMARY KEY (`TASK_CODE`)
) ENGINE=InnoDB DEFAULT CHARSET=utf8mb4 COLLATE=utf8mb4_unicode_ci;

-- ----------------------------
-- Records of work_task
-- ----------------------------
INSERT INTO `work_task` VALUES ('WF1', '流程模板1', '定义流程任务链', 'Y', '1');
INSERT INTO `work_task` VALUES ('WF2', '流程模板2', '定义流程任务链', 'Y', '1');
INSERT INTO `work_task` VALUES ('WF3', '流程模板3', '定义流程任务链', 'Y', '1');

-- ----------------------------
-- Table structure for `work_task_jnl`
-- ----------------------------
DROP TABLE IF EXISTS `work_task_jnl`;
CREATE TABLE `work_task_jnl` (
  `BUS_NO` varchar(20) DEFAULT NULL,
  `NUM` int(3) DEFAULT NULL,
  `TASK_CODE` varchar(32) DEFAULT NULL,
  `TASK_SRL_NUM` varchar(16) NOT NULL,
  `STATUS` varchar(1) DEFAULT NULL,
  `START_TIME` varchar(14) DEFAULT NULL,
  `END_TIME` varchar(14) DEFAULT NULL,
  `CONTEXT_INFO` text,
  `OPERATOR` varchar(18) DEFAULT NULL,
  `NEXT_JOB_NO` int(3) DEFAULT NULL,
  PRIMARY KEY (`TASK_SRL_NUM`)
) ENGINE=InnoDB DEFAULT CHARSET=utf8 COMMENT='流程流水表';

-- ----------------------------
-- Records of work_task_jnl
-- ----------------------------
INSERT INTO `work_task_jnl` VALUES ('123', '0', 'WF1', '1553757085683000', '0', '20190328151125', null, '{\"paras\":{\"_TRAN_CODE_\":\"8001\",\"PATIENT_ID\":\"123\"}}', null, null);
INSERT INTO `work_task_jnl` VALUES ('123', '0', 'WF1', '1553818716285001', '0', '20190329081836', null, '{\"paras\":{\"BUS_NO\":\"1553818716248000\",\"PATIENT_ID\":\"123\",\"TRAN_CODE\":\"8001\"}}', null, null);
INSERT INTO `work_task_jnl` VALUES ('1553819238285002', '0', 'WF1', '1553819238309003', '0', '20190329082718', null, '{\"paras\":{\"BUS_NO\":\"1553819238285002\",\"PATIENT_ID\":\"123\",\"TRAN_CODE\":\"8001\"}}', null, null);
INSERT INTO `work_task_jnl` VALUES ('1553819358932000', '0', 'WF1', '1553819358966001', '0', '20190329082918', null, '{\"paras\":{\"BUS_NO\":\"1553819358932000\",\"PATIENT_ID\":\"123\",\"TRAN_CODE\":\"8001\"}}', null, null);
INSERT INTO `work_task_jnl` VALUES ('1553819720723000', '0', 'WF1', '1553819720757001', '0', '20190329083520', null, '{\"paras\":{\"BUS_NO\":\"1553819720723000\",\"PATIENT_ID\":\"123\",\"TRAN_CODE\":\"8001\"}}', null, null);
INSERT INTO `work_task_jnl` VALUES ('1553819812053000', '0', 'WF1', '1553819812087001', '0', '20190329083652', null, '{\"paras\":{\"BUS_NO\":\"1553819812053000\",\"PATIENT_ID\":\"123\",\"TRAN_CODE\":\"8001\"}}', null, null);
INSERT INTO `work_task_jnl` VALUES ('1553820284333000', '0', 'WF1', '1553820284366001', '0', '20190329084444', null, '{\"paras\":{\"BUS_NO\":\"1553820284333000\",\"PATIENT_ID\":\"123\",\"TRAN_CODE\":\"8001\"}}', null, null);
INSERT INTO `work_task_jnl` VALUES ('1553823315940000', '0', 'WF1', '1553823315971001', '0', '20190329093515', null, '{\"paras\":{\"BUS_NO\":\"1553823315940000\",\"PATIENT_ID\":\"123\",\"TRAN_CODE\":\"8001\"}}', null, null);
INSERT INTO `work_task_jnl` VALUES ('1553823593186000', '0', 'WF1', '1553823593217001', '2', '20190329093953', '20190329093953', '{\"paras\":{\"BUS_NO\":\"1553823593186000\",\"PATIENT_ID\":\"123\",\"TRAN_CODE\":\"8001\"}}', null, null);
INSERT INTO `work_task_jnl` VALUES ('123', '1', 'WF1', '2018020710000061', '2', '20180207094246', '20180207094248', '{\"paras\":{\"_MSG_HEADER_MAP_\":{\"VersionID\":\"02\",\"Reserve\":\"X       N\",\"MesgPriority\":\"3\",\"EndFlag\":\"}', null, null);
INSERT INTO `work_task_jnl` VALUES ('123', '2', 'WF1', '2018020710000062', '2', '20180207094246', '20180207094248', 'N\",\"MesgPriority\":\"3\",\"EndFlag\":\"}', null, null);
INSERT INTO `work_task_jnl` VALUES ('123', '3', 'WF1', '2018020710000063', '2', '20180207094246', '20180207094246', 'N\",\"MesgPriority\":\"3\",\"EndFlag\":\"}', null, null);
INSERT INTO `work_task_jnl` VALUES ('123', '4', 'WF1', '2018020710000064', '2', '20180207094246', '20180207094246', 'N\",\"MesgPriority\":\"3\",\"EndFlag\":\"}', null, null);

-- ----------------------------
-- Function structure for `nextval`
-- ----------------------------
DROP FUNCTION IF EXISTS `nextval`;
DELIMITER ;;
CREATE DEFINER=`skip-grants user`@`skip-grants host` FUNCTION `nextval`( name varchar(50)) RETURNS int(11)
BEGIN
	declare _cur int;
	declare _maxvalue int;
	declare _increment int;
	set _increment = 1;
	set _maxvalue = 999999999;
	set _cur = (select CURRENT_VAL from SEQUENCE where SEQ_NAME = name);
	update SEQUENCE set CURRENT_VAL = _cur + _increment where SEQ_NAME = name;
	if(_cur + _increment >= _maxvalue) then
    	update SEQUENCE set CURRENT_VAL = MINVALUE where SEQ_NAME = name;
	end if;
	return _cur;
END
;;
DELIMITER ;
